time,lat,lon,elev_m,t_sec,dt,elev_s,is_gap,step_dist_m,speed_ms,vvert_ms,grade
2026-02-04 03:23:05.921000+00:00,40.95429318,115.39704978,2102.2237578101435,4985.278,1.0079999999998108,2103.827880859375,False,4.663502018616893,4.626490097835088,-4.385327535963125,-0.9478735376555086
2026-02-04 03:23:06.925000+00:00,40.95429318,115.39704978,2101.3174837022702,4986.282,1.0039999999999054,2103.827880859375,False,0.0,0.0,0.0,0.0
2026-02-04 03:23:07.934000+00:00,40.9543086,115.3969642,2102.3543216813587,4987.291,1.0090000000000146,2103.521728515625,False,7.388546140125311,7.322642358895148,-0.3034215498017795,-0.0414360738829747
2026-02-04 03:23:08.943000+00:00,40.9543086,115.3969642,2108.3763319168465,4988.3,1.0090000000000146,2103.521728515625,False,0.0,0.0,0.0,0.0
2026-02-04 03:23:09.953000+00:00,40.95430706,115.39686492,2107.4294997014713,4989.31,1.0100000000002185,2103.521728515625,False,8.339096796279804,8.256531481463368,0.0,0.0
2026-02-04 03:23:10.960000+00:00,40.95430706,115.39686492,2104.1662226148314,4990.317,1.006999999999607,2103.521728515625,False,0.0,0.0,0.0,0.0
2026-02-04 03:23:11.973000+00:00,40.95433799,115.39677359,2097.823877971036,4991.33,1.01299999999992,2100.063720703125,False,8.405532482392566,8.297662865146327,-3.413630614511622,-0.4113966390283589
2026-02-04 03:23:12.984000+00:00,40.95433799,115.39677359,2102.118882462878,4992.341,1.011000000000422,2100.063720703125,False,0.0,0.0,0.0,0.0
2026-02-04 03:23:13.991000+00:00,40.9543985,115.39671295,2098.4177557763696,4993.348,1.006999999999607,2100.063720703125,False,8.438258377000068,8.379601168821608,0.0,0.0
2026-02-04 03:23:14.998000+00:00,40.9543985,115.39671295,2097.673775887808,4994.355,1.006999999999607,2100.063720703125,False,0.0,0.0,0.0,0.0
2026-02-04 03:23:16.008000+00:00,40.95442399,115.39656399,2102.0915663161127,4995.365,1.0100000000002185,2100.063720703125,False,12.826431926718003,12.699437551203198,0.0,0.0
2026-02-04 03:23:17.016000+00:00,40.95442399,115.39656399,2099.5310091647907,4996.373,1.0079999999998108,2100.063720703125,False,0.0,0.0,0.0,0.0
2026-02-04 03:23:18.028000+00:00,40.95449829,115.39638452,2101.517146728906,4997.385,1.0120000000006255,2097.535888671875,False,17.187414353549638,16.983611021283608,-2.4978577383877836,-0.1470745965188148
2026-02-04 03:23:19.032000+00:00,40.95449829,115.39638452,2093.142938666524,4998.389,1.0039999999999054,2097.535888671875,False,0.0,0.0,0.0,0.0
2026-02-04 03:23:20.041000+00:00,40.9545114,115.39619258,2094.0925782021222,4999.398,1.0090000000000146,2095.43115234375,False,16.18447972848262,16.04011866053755,-2.0859626641476408,-0.1300465855829108
2026-02-04 03:23:21.050000+00:00,40.9545114,115.39619258,2094.4498998674026,5000.407,1.0090000000000146,2095.43115234375,False,0.0,0.0,0.0,0.0
2026-02-04 03:23:22.060000+00:00,40.95454513,115.39602376,2096.5157910469925,5001.417,1.0100000000002185,2095.43115234375,False,14.664850988071672,14.51965444363218,0.0,0.0
2026-02-04 03:23:23.071000+00:00,40.95454513,115.39602376,2096.0185464061374,5002.428,1.0109999999995125,2095.43115234375,False,0.0,0.0,0.0,0.0
2026-02-04 03:23:24.076000+00:00,40.95448966,115.39584649,2091.4148025177983,5003.433,1.0050000000001091,2091.5078125,False,16.113936845798904,16.033768005768312,-3.903820740049327,-0.2434749422995822
2026-02-04 03:23:25.083000+00:00,40.95448966,115.39584649,2094.3209942906797,5004.44,1.006999999999607,2091.5078125,False,0.0,0.0,0.0,0.0
2026-02-04 03:23:26.093000+00:00,40.95453745,115.39564478,2085.9340091387407,5005.45,1.0100000000002185,2088.208984375,False,17.753129937456638,17.577356373715645,-3.2661664603953335,-0.1858167059341987
2026-02-04 03:23:26.117000+00:00,40.95453745,115.39564478,2087.3064319791706,5005.474,0.0240000000003419,2088.208984375,False,0.0,0.0,0.0,0.0
2026-02-04 03:23:27.099000+00:00,40.95453745,115.39564478,2087.142200450869,5006.456,0.9819999999999708,2088.208984375,False,0.0,0.0,0.0,0.0
2026-02-04 03:23:28.112000+00:00,40.95450566,115.39546259,2085.509300584156,5007.469,1.01299999999992,2088.208984375,False,15.702948127715525,15.501429543649325,0.0,0.0
2026-02-04 03:23:29.119000+00:00,40.95450566,115.39546259,2090.417707167002,5008.476,1.006999999999607,2088.208984375,False,0.0,0.0,0.0,0.0
2026-02-04 03:23:30.128000+00:00,40.95453217,115.39530262,2087.476466976998,5009.485,1.0090000000000146,2085.763916015625,False,13.753532255322884,13.630854564244483,-2.423259028121868,-0.1777774839208095
2026-02-04 03:23:31.135000+00:00,40.95453217,115.39530262,2084.156107680277,5010.492,1.0070000000005166,2085.763916015625,False,0.0,0.0,0.0,0.0
2026-02-04 03:23:32.149000+00:00,40.95455668,115.39513933,2088.338863168199,5011.506,1.0140000000001237,2085.763916015625,False,13.980933548851471,13.787902908135866,0.0,0.0
2026-02-04 03:23:33.154000+00:00,40.95455668,115.39513933,2088.635964653153,5012.511,1.0050000000001091,2085.763916015625,False,0.0,0.0,0.0,0.0
2026-02-04 03:23:34.164000+00:00,40.95449851,115.39497801,2080.75216019543,5013.521,1.0099999999993088,2083.27685546875,False,15.012221511055696,14.863585654520762,-2.4624361850264376,-0.1656690547127494
2026-02-04 03:23:35.167000+00:00,40.95449851,115.39497801,2083.2281440110305,5014.524,1.0030000000006112,2083.27685546875,False,0.0,0.0,0.0,0.0
2026-02-04 03:23:36.182000+00:00,40.95455014,115.39480633,2079.7128605084927,5015.539,1.014999999999418,2080.94091796875,False,15.51829756520799,15.288963118440284,-2.301416256158955,-0.1505279487124393
2026-02-04 03:23:37.193000+00:00,40.95455014,115.39480633,2079.6562307309773,5016.55,1.011000000000422,2080.94091796875,False,0.0,0.0,0.0,0.0
2026-02-04 03:23:38.204000+00:00,40.95448512,115.39463185,2082.412883674523,5017.561,1.0109999999995125,2080.94091796875,False,16.33907434930817,16.161300048779474,0.0,0.0
2026-02-04 03:23:39.212000+00:00,40.95448512,115.39463185,2081.8808236454925,5018.569,1.0080000000007203,2080.94091796875,False,0.0,0.0,0.0,0.0
2026-02-04 03:23:40.224000+00:00,40.95450745,115.39444836,2076.9862865114237,5019.581,1.0119999999997162,2078.948974609375,False,15.6078529533143,15.422779598140984,-1.9683234776438323,-0.1276244314533995
2026-02-04 03:23:41.230000+00:00,40.95450745,115.39444836,2079.09407684384,5020.587,1.0060000000003129,2078.948974609375,False,0.0,0.0,0.0,0.0
2026-02-04 03:23:42.245000+00:00,40.95452712,115.39426912,2077.4591213261697,5021.602,1.014999999999418,2076.972412109375,False,15.21025291752604,14.985470854714054,-1.9473522167498851,-0.1299493513169989
2026-02-04 03:23:43.249000+00:00,40.95452712,115.39426912,2076.891368934839,5022.606,1.0039999999999054,2076.972412109375,False,0.0,0.0,0.0,0.0
2026-02-04 03:23:44.254000+00:00,40.9544586,115.39410083,2079.0565851498786,5023.611,1.0050000000001091,2076.972412109375,False,16.055570403097118,15.975691943378482,0.0,0.0
2026-02-04 03:23:45.259000+00:00,40.9544586,115.39410083,2081.704392058395,5024.616,1.0050000000001091,2076.972412109375,False,0.0,0.0,0.0,0.0
2026-02-04 03:23:46.269000+00:00,40.95451509,115.39392492,2074.5726453337766,5025.626,1.0100000000002185,2074.719482421875,False,16.052531880186145,15.893595920972944,-2.230623452969815,-0.1403473112101911
2026-02-04 03:23:47.276000+00:00,40.95451509,115.39392492,2077.917181112372,5026.633,1.006999999999607,2074.719482421875,False,0.0,0.0,0.0,0.0
2026-02-04 03:23:48.284000+00:00,40.95452407,115.39376222,2074.9663549107336,5027.641,1.0079999999998108,2074.719482421875,False,13.699619663106292,13.59089252292546,0.0,0.0
2026-02-04 03:23:49.292000+00:00,40.95452407,115.39376222,2077.6021357882933,5028.649,1.0080000000007203,2074.719482421875,False,0.0,0.0,0.0,0.0
2026-02-04 03:23:50.302000+00:00,40.95452863,115.3936029,2073.753911447389,5029.659,1.0099999999993088,2071.987548828125,False,13.388939438798667,13.25637568198795,-2.70488474628898,-0.2040440623574233
2026-02-04 03:23:51.310000+00:00,40.95452863,115.3936029,2072.4320519042076,5030.667,1.0080000000007203,2071.987548828125,False,0.0,0.0,0.0,0.0
2026-02-04 03:23:52.321000+00:00,40.95454726,115.39341841,2069.6359090906412,5031.678,1.0109999999995125,2069.567138671875,False,15.630931786420636,15.4608623011159,-2.3940753276470494,-0.1548474645863869
2026-02-04 03:23:53.325000+00:00,40.95454726,115.39341841,2066.5348098474497,5032.682,1.0039999999999054,2069.567138671875,False,0.0,0.0,0.0,0.0
2026-02-04 03:23:54.336000+00:00,40.9546001,115.39321046,2070.6778021995055,5033.693,1.011000000000422,2067.7744140625,False,18.42508979568871,18.224618986825934,-1.7732191981941163,-0.0972980120723471
2026-02-04 03:23:55.343000+00:00,40.9546001,115.39321046,2071.5694868402684,5034.7,1.006999999999607,2067.7744140625,False,0.0,0.0,0.0,0.0
2026-02-04 03:23:56.347000+00:00,40.95458422,115.39295916,2064.5640691259023,5035.704,1.0039999999999054,2065.383544921875,False,21.177331051517204,21.092959214660556,-2.3813437655629732,-0.1128975664973472
2026-02-04 03:23:57.356000+00:00,40.95458422,115.39295916,2064.1393526341626,5036.713,1.0090000000000146,2065.383544921875,False,0.0,0.0,0.0,0.0
2026-02-04 03:23:58.368000+00:00,40.9546337,115.39270957,2062.1768203704205,5037.725,1.0120000000006255,2061.92041015625,False,21.670070084059944,21.41311273127129,-3.422069926504801,-0.1598118858033786
2026-02-04 03:23:59.375000+00:00,40.9546337,115.39270957,2059.649956240987,5038.732,1.006999999999607,2061.92041015625,False,0.0,0.0,0.0,0.0
2026-02-04 03:24:00.387000+00:00,40.95461853,115.39247192,2056.0395352575024,5039.744,1.0119999999997162,2057.479736328125,False,20.028441727158388,19.790950323284587,-4.388017616725539,-0.2217183887103651
2026-02-04 03:24:01.390000+00:00,40.95461853,115.39247192,2059.6313306591605,5040.747,1.0030000000006112,2057.479736328125,False,0.0,0.0,0.0,0.0
2026-02-04 03:24:02.405000+00:00,40.95463793,115.39225841,2055.767013553657,5041.762,1.014999999999418,2055.46923828125,False,18.059361343488135,17.792474230047773,-1.9807862530799536,-0.1113271952775864
2026-02-04 03:24:03.408000+00:00,40.95463793,115.39225841,2053.1685333870346,5042.765,1.0030000000006112,2055.46923828125,False,0.0,0.0,0.0,0.0
2026-02-04 03:24:04.418000+00:00,40.95462393,115.39205307,2051.940042016284,5043.775,1.0099999999993088,2054.81982421875,False,17.314089119578618,17.14266249464403,-0.6429842202974697,-0.0375078387326566
2026-02-04 03:24:05.427000+00:00,40.95462393,115.39205307,2053.763064114708,5044.784,1.0090000000000146,2054.81982421875,False,0.0,0.0,0.0,0.0
2026-02-04 03:24:06.438000+00:00,40.95460269,115.39185901,2054.9411658914287,5045.795,1.011000000000422,2054.81982421875,False,16.466950173325696,16.28778454334206,0.0,0.0
2026-02-04 03:24:07.443000+00:00,40.95460269,115.39185901,2055.624192083096,5046.8,1.0050000000001091,2054.81982421875,False,0.0,0.0,0.0,0.0
2026-02-04 03:24:08.453000+00:00,40.95462156,115.39165636,2055.413073249269,5047.81,1.0100000000002185,2054.202880859375,False,17.146932764575485,16.977161153041365,-0.6108350092820463,-0.0359798086249901
2026-02-04 03:24:09.460000+00:00,40.95462156,115.39165636,2055.7387753673993,5048.817,1.006999999999607,2054.202880859375,False,0.0,0.0,0.0,0.0
2026-02-04 03:24:10.472000+00:00,40.95458202,115.39146897,2047.0824534805647,5049.829,1.0119999999997162,2052.102294921875,False,16.339223190292778,16.14547746076814,-2.075677803854337,-0.1285609427716227
2026-02-04 03:24:11.479000+00:00,40.95458202,115.39146897,2046.304672221836,5050.836,1.0070000000005166,2052.102294921875,False,0.0,0.0,0.0,0.0
2026-02-04 03:24:12.495000+00:00,40.95460237,115.39129575,2050.4341938375737,5051.852,1.0159999999996217,2048.3720703125,False,14.721556716586942,14.48972117774845,-3.671480914740541,-0.253385201116137
2026-02-04 03:24:13.498000+00:00,40.95460237,115.39129575,2052.4221169824577,5052.855,1.0029999999997017,2048.3720703125,False,0.0,0.0,0.0,0.0
2026-02-04 03:24:14.508000+00:00,40.95457454,115.3910939,2039.2379487468395,5053.865,1.0100000000002185,2046.1529541015625,False,17.231048335585662,17.06044389661578,-2.1971447633039807,-0.1287859083045207
2026-02-04 03:24:15.516000+00:00,40.95457454,115.3910939,2047.5965813801913,5054.873,1.0079999999998108,2046.1529541015625,False,0.0,0.0,0.0,0.0
2026-02-04 03:24:16.526000+00:00,40.95456348,115.39086907,2044.357757094902,5055.883,1.0100000000002185,2044.111083984375,False,18.920715248061267,18.733381433719977,-2.0216535813733256,-0.1079171738709361
2026-02-04 03:24:17.534000+00:00,40.95456348,115.39086907,2045.0846882701283,5056.891,1.0079999999998108,2044.111083984375,False,0.0,0.0,0.0,0.0
2026-02-04 03:24:18.543000+00:00,40.95453502,115.39066763,2040.1191710936746,5057.9,1.0090000000000146,2041.9674072265625,False,17.209931927343177,17.05642411034978,-2.1245557560083936,-0.1245604437520535
2026-02-04 03:24:19.552000+00:00,40.95453502,115.39066763,2042.1194182697102,5058.909,1.0090000000000146,2041.9674072265625,False,0.0,0.0,0.0,0.0
2026-02-04 03:24:20.563000+00:00,40.9545799,115.39045998,2040.1815710774806,5059.92,1.011000000000422,2041.9674072265625,False,18.13800468410774,17.940657452126775,0.0,0.0
2026-02-04 03:24:21.570000+00:00,40.9545799,115.39045998,2041.8469276192886,5060.927,1.006999999999607,2041.9674072265625,False,0.0,0.0,0.0,0.0
2026-02-04 03:24:22.585000+00:00,40.95469182,115.39031878,2038.3238296220213,5061.942,1.0150000000003274,2039.97412109375,False,17.189532412008283,16.93549991330319,-1.9638287022776917,-0.1159592992430688
2026-02-04 03:24:23.591000+00:00,40.95474195,115.39024268,2038.8307932246144,5062.948,1.0060000000003129,2039.97412109375,False,8.480130886020573,8.429553564630154,0.0,0.0
2026-02-04 03:24:24.599000+00:00,40.95474195,115.39024268,2037.4244005228202,5063.956,1.0079999999998108,2039.97412109375,False,0.0,0.0,0.0,0.0
2026-02-04 03:24:25.609000+00:00,40.95478679,115.39006951,2038.030735730616,5064.966,1.0100000000002185,2039.1480712890625,False,15.37337469826262,15.221163067583465,-0.8178710937498233,-0.0537324966639142
2026-02-04 03:24:26.614000+00:00,40.95478068,115.38998974,2038.1852583430173,5065.971,1.0049999999991996,2039.1480712890625,False,6.733243173478013,6.6997444512272395,0.0,0.0
2026-02-04 03:24:27.625000+00:00,40.95477305,115.3897972,2041.001450763787,5066.982,1.011000000000422,2039.1480712890625,False,16.191257966815215,16.015091955300154,0.0,0.0
2026-02-04 03:24:28.628000+00:00,40.95481752,115.38973381,2043.7202173059925,5067.985,1.0029999999997017,2038.562255859375,False,7.2656207756190945,7.243889108296366,-0.5840632399677709,-0.0806284070940357
2026-02-04 03:24:29.636000+00:00,40.95481752,115.38973381,2036.4341772277608,5068.993,1.0080000000007203,2038.562255859375,False,0.0,0.0,0.0,0.0
2026-02-04 03:24:30.648000+00:00,40.95490144,115.38961063,2035.568218082097,5070.005,1.0119999999997162,2034.4798583984375,False,13.931316648797564,13.76612317075244,-4.033989585907752,-0.2930374467721153
2026-02-04 03:24:31.658000+00:00,40.95495044,115.38956134,2034.6493047925599,5071.015,1.0100000000002185,2032.93017578125,False,6.842514516897646,6.774766848412047,-1.5343392249377872,-0.2264785282311854
2026-02-04 03:24:32.670000+00:00,40.95495044,115.38956134,2032.7598120050848,5072.027,1.0119999999997162,2032.93017578125,False,0.0,0.0,0.0,0.0
2026-02-04 03:24:33.676000+00:00,40.95506028,115.38949325,2030.3842216424366,5073.033,1.0060000000003129,2032.93017578125,False,13.48587509756232,13.40544244290072,0.0,0.0
2026-02-04 03:24:34.686000+00:00,40.95509179,115.38945351,2033.0988733128722,5074.043,1.0099999999993088,2032.93017578125,False,4.838750123077481,4.790841706020586,0.0,0.0
2026-02-04 03:24:35.694000+00:00,40.95509179,115.38945351,2032.966145850728,5075.051,1.0080000000007203,2032.93017578125,False,0.0,0.0,0.0,0.0
2026-02-04 03:24:36.702000+00:00,40.9551142,115.38929984,2034.6929034138616,5076.059,1.0079999999998108,2032.93017578125,False,13.143134112569708,13.038823524377158,0.0,0.0
2026-02-04 03:24:37.706000+00:00,40.9551142,115.38929984,2035.803913331618,5077.063,1.0039999999999054,2032.93017578125,False,0.0,0.0,0.0,0.0
2026-02-04 03:24:38.717000+00:00,40.9551579,115.38912045,2030.055087834847,5078.074,1.0109999999995125,2027.6136474609375,False,15.828930880439712,15.656707102321803,-5.258682809411536,-0.335874125704996
2026-02-04 03:24:39.722000+00:00,40.9551579,115.38912045,2031.1416777455677,5079.079,1.0050000000001091,2027.6136474609375,False,0.0,0.0,0.0,0.0
2026-02-04 03:24:40.733000+00:00,40.95518973,115.38896815,2029.6923176570897,5080.09,1.011000000000422,2027.0516357421875,False,13.270378546309562,13.125992627402594,-0.5558968533627748,-0.0423508430289875
2026-02-04 03:24:41.740000+00:00,40.95518973,115.38896815,2026.983084382334,5081.097,1.006999999999607,2027.0516357421875,False,0.0,0.0,0.0,0.0
2026-02-04 03:24:42.756000+00:00,40.95521984,115.38883685,2025.5498541881616,5082.113,1.0160000000005311,2027.0516357421875,False,11.523278599564742,11.341809645234958,0.0,0.0
2026-02-04 03:24:43.760000+00:00,40.95521984,115.38883685,2028.464312035622,5083.117,1.0039999999999054,2027.0516357421875,False,0.0,0.0,0.0,0.0
2026-02-04 03:24:44.769000+00:00,40.95525501,115.38868108,2024.939778570476,5084.126,1.0090000000000146,2026.8804931640625,False,13.6531404291166,13.53135820526898,-0.169616033820612,-0.0125350339003342
2026-02-04 03:24:45.775000+00:00,40.95525501,115.38868108,2027.0486202331576,5085.132,1.0059999999994034,2026.8804931640625,False,0.0,0.0,0.0,0.0
2026-02-04 03:24:46.782000+00:00,40.95528192,115.38851788,2025.2805256593767,5086.139,1.0070000000005166,2026.8804931640625,False,14.027865610044914,13.93035313807122,0.0,0.0
2026-02-04 03:24:47.791000+00:00,40.95528192,115.38851788,2024.8347409750766,5087.148,1.0090000000000146,2026.8804931640625,False,0.0,0.0,0.0,0.0
2026-02-04 03:24:48.801000+00:00,40.95531014,115.38837567,2027.00923430739,5088.158,1.0100000000002185,2026.7181396484375,False,12.347710078632202,12.225455523395578,-0.1607460550742226,-0.0131484716268123
2026-02-04 03:24:49.809000+00:00,40.95531014,115.38837567,2029.2358907358966,5089.166,1.0079999999998108,2026.7181396484375,False,0.0,0.0,0.0,0.0
2026-02-04 03:24:50.821000+00:00,40.95533259,115.38824965,2029.1048477714478,5090.178,1.0119999999997162,2026.7181396484375,False,10.87318753949642,10.744256461955995,0.0,0.0
2026-02-04 03:24:51.824000+00:00,40.95533259,115.38824965,2024.7811663162265,5091.181,1.0029999999997017,2026.7181396484375,False,0.0,0.0,0.0,0.0
2026-02-04 03:24:52.840000+00:00,40.95535706,115.38814253,2024.9864823749049,5092.197,1.0160000000005311,2025.6849365234375,False,9.398088134864729,9.250086746909266,-1.0169322096451376,-0.1099375862593856
2026-02-04 03:24:53.843000+00:00,40.95535706,115.38814253,2022.226177999441,5093.2,1.0029999999997017,2025.6849365234375,False,0.0,0.0,0.0,0.0
2026-02-04 03:24:54.852000+00:00,40.95536616,115.38801806,2025.1587548583898,5094.209,1.0090000000000146,2025.6849365234375,False,10.501441656722536,10.4077717113205,0.0,0.0
2026-02-04 03:24:55.855000+00:00,40.95536616,115.38801806,2023.4540912428054,5095.212,1.0030000000006112,2025.6849365234375,False,0.0,0.0,0.0,0.0
2026-02-04 03:24:56.863000+00:00,40.95537289,115.3878825,2025.2979277952736,5096.22,1.0079999999998108,2024.3931884765625,False,11.40844849620743,11.317905254176162,-1.2814960782492484,-0.113227319850234
2026-02-04 03:24:57.870000+00:00,40.95537289,115.3878825,2024.4506073736395,5097.227,1.006999999999607,2024.3931884765625,False,0.0,0.0,0.0,0.0
2026-02-04 03:24:58.879000+00:00,40.95540395,115.38776244,2027.1339383549564,5098.236,1.0090000000000146,2024.3931884765625,False,10.657375001925615,10.562314174356256,0.0,0.0
2026-02-04 03:24:59.886000+00:00,40.95540395,115.38776244,2024.4506808099359,5099.243,1.0070000000005166,2024.3931884765625,False,0.0,0.0,0.0,0.0
2026-02-04 03:25:00.898000+00:00,40.95541653,115.38762572,2020.5079241617304,5100.255,1.0119999999997162,2021.4344482421875,False,11.566184068123103,11.429035640441054,-2.9236563580788832,-0.2558095407222002
2026-02-04 03:25:01.905000+00:00,40.95541653,115.38762572,2023.5405126375633,5101.262,1.006999999999607,2021.4344482421875,False,0.0,0.0,0.0,0.0
2026-02-04 03:25:02.914000+00:00,40.95543358,115.38748807,2014.501053017415,5102.271,1.0090000000000146,2015.0650634765625,False,11.71382067120392,11.609336641430872,-6.3125716210355876,-0.5437495540018686
2026-02-04 03:25:03.916000+00:00,40.95543358,115.38748807,2020.3524717431994,5103.273,1.0020000000004077,2015.0650634765625,False,0.0,0.0,0.0,0.0
2026-02-04 03:25:04.925000+00:00,40.95544357,115.3873589,2013.3876688122355,5104.282,1.0090000000000146,2013.2108154296875,False,10.903986373910808,10.806725841338602,-1.8377086688552755,-0.1700523077790639
2026-02-04 03:25:05.933000+00:00,40.95544357,115.3873589,2014.4797133021973,5105.29,1.0079999999998108,2013.2108154296875,False,0.0,0.0,0.0,0.0
2026-02-04 03:25:06.943000+00:00,40.95544059,115.38720351,2013.215952337508,5106.3,1.0100000000002185,2013.2108154296875,False,13.053327779703531,12.924086910594765,0.0,0.0
2026-02-04 03:25:07.951000+00:00,40.95544059,115.38720351,2012.2016837571,5107.308,1.0079999999998108,2013.2108154296875,False,0.0,0.0,0.0,0.0
2026-02-04 03:25:08.962000+00:00,40.95543849,115.3870589,2009.7281881623067,5108.319,1.011000000000422,2010.2945556640625,False,12.14609900124916,12.01394559964796,-2.8845299363242165,-0.2400984682674724
2026-02-04 03:25:09.969000+00:00,40.95543849,115.3870589,2010.6397582989453,5109.326,1.006999999999607,2010.2945556640625,False,0.0,0.0,0.0,0.0
2026-02-04 03:25:10.975000+00:00,40.95544223,115.38688794,2010.1297042675203,5110.332,1.0060000000003129,2010.2945556640625,False,14.362659036390967,14.276997054062129,0.0,0.0
2026-02-04 03:25:11.978000+00:00,40.95544223,115.38688794,2009.6970046203587,5111.335,1.0029999999997017,2010.2945556640625,False,0.0,0.0,0.0,0.0
2026-02-04 03:25:12.987000+00:00,40.95545572,115.38669661,2008.2557685590275,5112.344,1.0090000000000146,2008.5308837890625,False,16.13710617672158,15.99316766771194,-1.74794041129829,-0.1092929460639087
2026-02-04 03:25:13.994000+00:00,40.95545572,115.38669661,2007.9854695733084,5113.351,1.006999999999607,2008.5308837890625,False,0.0,0.0,0.0,0.0
2026-02-04 03:25:15.003000+00:00,40.95549612,115.38650729,2005.8617629159908,5114.36,1.0090000000000146,2005.9815673828125,False,16.520922641010948,16.37356059564986,-2.5265772113478326,-0.1543083556315231
2026-02-04 03:25:16.011000+00:00,40.95549612,115.38650729,2006.3031263269056,5115.368,1.0080000000007203,2005.9815673828125,False,0.0,0.0,0.0,0.0
2026-02-04 03:25:17.023000+00:00,40.95547382,115.38629907,2007.69557605352,5116.38,1.0119999999997162,2005.9815673828125,False,17.660538061133053,17.451124566341903,0.0,0.0
2026-02-04 03:25:18.028000+00:00,40.95547382,115.38629907,2007.0955612435625,5117.385,1.0050000000001091,2005.9815673828125,False,0.0,0.0,0.0,0.0
2026-02-04 03:25:19.038000+00:00,40.95542435,115.38615353,2002.1466234954407,5118.395,1.0100000000002185,2005.9815673828125,False,13.40279900873684,13.270098028449448,0.0,0.0
2026-02-04 03:25:20.066000+00:00,40.95542435,115.38615353,2001.2414707976795,5119.423,1.027999999999338,2005.9815673828125,False,0.0,0.0,0.0,0.0
2026-02-04 03:25:21.078000+00:00,40.9553776,115.38602898,2009.1959545512727,5120.435,1.0120000000006255,2005.9815673828125,False,11.67988538153352,11.54138871692322,0.0,0.0
2026-02-04 03:25:22.085000+00:00,40.9553776,115.38602898,2004.638277688903,5121.442,1.006999999999607,2004.817626953125,False,0.0,0.0,-1.1558494833048203,0.0
2026-02-04 03:25:22.111000+00:00,40.9553776,115.38602898,2007.7136080542373,5121.468,0.0259999999998399,2004.817626953125,False,0.0,0.0,0.0,0.0
2026-02-04 03:25:23.096000+00:00,40.95534971,115.38590224,2005.4503180532984,5122.453,0.985000000000582,2004.817626953125,False,11.085820424763773,11.254640025134234,0.0,0.0
2026-02-04 03:25:24.100000+00:00,40.95534971,115.38590224,2004.4508174199073,5123.457,1.0039999999999054,2004.817626953125,False,0.0,0.0,0.0,0.0
2026-02-04 03:25:25.111000+00:00,40.95533463,115.3857952,2001.2002984666308,5124.468,1.0109999999995125,2004.817626953125,False,9.143929953580937,9.044441101469182,0.0,0.0
2026-02-04 03:25:26.119000+00:00,40.95533463,115.3857952,2007.5619915760572,5125.476,1.0079999999998108,2004.817626953125,False,0.0,0.0,0.0,0.0
2026-02-04 03:25:27.131000+00:00,40.95531484,115.38568614,1997.759092544046,5126.488,1.0120000000006255,2000.4560546875,False,9.41916009672351,9.307470451302065,-4.309854017413343,-0.4630532044085532
2026-02-04 03:25:28.138000+00:00,40.95531484,115.38568614,1998.4298015548225,5127.495,1.006999999999607,2000.4560546875,False,0.0,0.0,0.0,0.0
2026-02-04 03:25:29.149000+00:00,40.95529668,115.38555984,1999.5858386184839,5128.506,1.011000000000422,2000.4560546875,False,10.796778033644678,10.679305671256351,0.0,0.0
2026-02-04 03:25:30.155000+00:00,40.95529668,115.38555984,2000.606865816226,5129.512,1.0059999999994034,2000.4560546875,False,0.0,0.0,0.0,0.0
2026-02-04 03:25:31.166000+00:00,40.95529934,115.385407,1997.0456810501576,5130.523,1.011000000000422,1996.3173828125,False,12.83841660869492,12.698730572393236,-4.09364181503291,-0.3223662232768682
2026-02-04 03:25:32.178000+00:00,40.95529934,115.385407,1994.2102790514925,5131.535,1.0119999999997162,1996.3173828125,False,0.0,0.0,0.0,0.0
2026-02-04 03:25:33.185000+00:00,40.95525999,115.3852464,1998.0805381911202,5132.542,1.0070000000005166,1996.3173828125,False,14.17869925221287,14.080138284216083,0.0,0.0
2026-02-04 03:25:34.190000+00:00,40.95525999,115.3852464,1998.235424017009,5133.547,1.0049999999991996,1996.3173828125,False,0.0,0.0,0.0,0.0
2026-02-04 03:25:35.201000+00:00,40.95518678,115.3850595,1995.3516882853107,5134.558,1.011000000000422,1991.22216796875,False,17.680800957442525,17.488428246721213,-5.039777293519163,-0.2881778295007178
2026-02-04 03:25:36.208000+00:00,40.95518678,115.3850595,1989.0292470657284,5135.565,1.006999999999607,1991.22216796875,False,0.0,0.0,0.0,0.0
2026-02-04 03:25:37.219000+00:00,40.95519486,115.38487282,1991.9642335879703,5136.576,1.011000000000422,1991.22216796875,False,15.702532849797628,15.531684322246363,0.0,0.0
2026-02-04 03:25:38.228000+00:00,40.95519486,115.38487282,1987.8576293225626,5137.585,1.0090000000000146,1991.22216796875,False,0.0,0.0,0.0,0.0
2026-02-04 03:25:39.239000+00:00,40.95517234,115.38467819,1987.5619576857903,5138.596,1.0109999999995125,1986.63671875,False,16.53513955448728,16.355232002468103,-4.535558079873601,-0.2773154229294429
2026-02-04 03:25:40.247000+00:00,40.95517234,115.38467819,1984.8015773000554,5139.604,1.0080000000007203,1986.63671875,False,0.0,0.0,0.0,0.0
2026-02-04 03:25:41.257000+00:00,40.9551046,115.38452781,1984.8133701651896,5140.614,1.0099999999993088,1986.3553466796875,False,14.704221473824004,14.558635122607988,-0.2785862082303886,-0.0191354619361106
2026-02-04 03:25:42.270000+00:00,40.9551046,115.38452781,1985.908477662305,5141.627,1.0130000000008297,1986.3553466796875,False,0.0,0.0,0.0,0.0
2026-02-04 03:25:43.277000+00:00,40.95506662,115.38436768,1987.792490921858,5142.634,1.006999999999607,1986.3553466796875,False,14.094808220069162,13.996830407224092,0.0,0.0
2026-02-04 03:25:44.280000+00:00,40.95506662,115.38436768,1984.1872939505074,5143.637,1.0029999999997017,1986.3553466796875,False,0.0,0.0,0.0,0.0
2026-02-04 03:25:45.291000+00:00,40.95503352,115.3841874,1982.1750257050774,5144.648,1.011000000000422,1983.791015625,False,15.58035759470336,15.410838372598276,-2.5364303211537385,-0.1645874325477138
2026-02-04 03:25:46.298000+00:00,40.95503352,115.3841874,1985.465664923967,5145.655,1.006999999999607,1983.791015625,False,0.0,0.0,0.0,0.0
2026-02-04 03:25:47.310000+00:00,40.95498176,115.3840064,1982.550140438657,5146.667,1.0120000000006255,1981.3392333984375,False,16.253030199502835,16.06030652123793,-2.422709710040498,-0.1508507765301203
2026-02-04 03:25:48.318000+00:00,40.95498176,115.3840064,1978.7180318897351,5147.675,1.0079999999998108,1981.3392333984375,False,0.0,0.0,0.0,0.0
2026-02-04 03:25:49.329000+00:00,40.95493966,115.3838344,1980.7674546880855,5148.686,1.0109999999995125,1981.3392333984375,False,15.18374159629326,15.018537681800773,0.0,0.0
2026-02-04 03:25:50.333000+00:00,40.95493966,115.3838344,1982.5127632176407,5149.69,1.0039999999999054,1981.3392333984375,False,0.0,0.0,0.0,0.0
2026-02-04 03:25:51.339000+00:00,40.95488716,115.38367576,1980.9176432350353,5150.696,1.0060000000003129,1981.263671875,False,14.54506323099218,14.458313350882362,-0.07511085828775,-0.005194994496586
2026-02-04 03:25:52.351000+00:00,40.95488716,115.38367576,1977.0811304033327,5151.708,1.0119999999997162,1981.263671875,False,0.0,0.0,0.0,0.0
2026-02-04 03:25:53.358000+00:00,40.95483486,115.38349882,1982.0289185823574,5152.715,1.0070000000005166,1977.6402587890625,False,15.95645001574404,15.84553129665924,-3.5982255073839533,-0.2270814048464615
2026-02-04 03:25:54.366000+00:00,40.95483486,115.38349882,1977.8836906526105,5153.723,1.0079999999998108,1977.6402587890625,False,0.0,0.0,0.0,0.0
2026-02-04 03:25:55.377000+00:00,40.95478717,115.38332721,1977.5002685368966,5154.734,1.011000000000422,1977.3763427734375,False,15.356037089360804,15.188958545355485,-0.2610445258406427,-0.0171864664098688
2026-02-04 03:25:56.384000+00:00,40.95478717,115.38332721,1977.5026735014087,5155.741,1.006999999999607,1977.3763427734375,False,0.0,0.0,0.0,0.0
2026-02-04 03:25:57.397000+00:00,40.95474207,115.38313888,1973.4145073557804,5156.754,1.01299999999992,1973.626708984375,False,16.591512758379384,16.378591074413322,-3.701514105688841,-0.225997101269068
2026-02-04 03:25:58.401000+00:00,40.95474207,115.38313888,1976.148193345555,5157.758,1.0039999999999054,1973.626708984375,False,0.0,0.0,0.0,0.0
2026-02-04 03:25:59.412000+00:00,40.95477237,115.38298874,1973.0908359107161,5158.769,1.011000000000422,1973.626708984375,False,13.050772833230168,12.90877629399082,0.0,0.0
2026-02-04 03:26:00.418000+00:00,40.95477237,115.38298874,1973.154251373158,5159.775,1.0059999999994034,1973.626708984375,False,0.0,0.0,0.0,0.0
2026-02-04 03:26:01.429000+00:00,40.954874,115.38284382,1965.8355512831508,5160.786,1.011000000000422,1971.3262939453125,False,16.607698415984945,16.427001400571726,-2.275385795313096,-0.1385149815129317
2026-02-04 03:26:02.441000+00:00,40.954874,115.38284382,1968.6275499692958,5161.798,1.0119999999997162,1971.3262939453125,False,0.0,0.0,0.0,0.0
2026-02-04 03:26:03.444000+00:00,40.95486076,115.38269651,1967.9474704021188,5162.801,1.0030000000006112,1968.1341552734375,False,12.45799372354486,12.420731528950418,-3.182590899175528,-0.2562321624742875
2026-02-04 03:26:04.448000+00:00,40.95486076,115.38269651,1971.2464982928539,5163.805,1.0039999999999054,1968.1341552734375,False,0.0,0.0,0.0,0.0
2026-02-04 03:26:05.455000+00:00,40.95486499,115.38260275,1968.3873814678118,5164.812,1.006999999999607,1963.984375,False,7.88774987954407,7.832919443443046,-4.120933737278172,-0.5261044450964978
2026-02-04 03:26:06.462000+00:00,40.95486499,115.38260275,1959.9760906130648,5165.819,1.0070000000005166,1963.984375,False,0.0,0.0,0.0,0.0
2026-02-04 03:26:07.472000+00:00,40.95488702,115.38243467,1963.7093704006093,5166.829,1.0099999999993088,1963.984375,False,14.32589286649536,14.18405234307442,0.0,0.0
2026-02-04 03:26:08.481000+00:00,40.95488702,115.38243467,1965.6578842780052,5167.838,1.0090000000000146,1963.984375,False,0.0,0.0,0.0,0.0
2026-02-04 03:26:09.492000+00:00,40.95494679,115.38246014,1965.2057531798578,5168.849,1.011000000000422,1963.984375,False,6.981820462417873,6.905856045909949,0.0,0.0
2026-02-04 03:26:10.499000+00:00,40.95494679,115.38246014,1968.353404676418,5169.856,1.006999999999607,1963.984375,False,0.0,0.0,0.0,0.0
2026-02-04 03:26:11.510000+00:00,40.9550062,115.38240713,1965.3462506795474,5170.867,1.011000000000422,1963.984375,False,7.966018029250399,7.879345231698391,0.0,0.0
2026-02-04 03:26:12.523000+00:00,40.9550062,115.38240713,1965.5858406912364,5171.88,1.01299999999992,1963.984375,False,0.0,0.0,0.0,0.0
2026-02-04 03:26:13.528000+00:00,40.955004,115.38231848,1958.760133680384,5172.885,1.0050000000001091,1959.1473388671875,False,7.448591557906307,7.4115338884631825,-4.812971276429826,-0.6493893637755218
2026-02-04 03:26:14.535000+00:00,40.955004,115.38231848,1961.5444508041332,5173.892,1.006999999999607,1959.1473388671875,False,0.0,0.0,0.0,0.0
2026-02-04 03:26:15.546000+00:00,40.95504471,115.38225642,1956.6873431951853,5174.903,1.011000000000422,1959.1473388671875,False,6.903072126857523,6.827964517165817,0.0,0.0
2026-02-04 03:26:16.554000+00:00,40.95504471,115.38225642,1959.1752901104755,5175.911,1.0079999999998108,1959.1473388671875,False,0.0,0.0,0.0,0.0
2026-02-04 03:26:17.565000+00:00,40.95513601,115.38227388,1959.082268800313,5176.922,1.0109999999995125,1959.1473388671875,False,10.257432726896395,10.1458286121675,0.0,0.0
2026-02-04 03:26:18.573000+00:00,40.95513601,115.38227388,1960.2327745966652,5177.93,1.0080000000007203,1959.1473388671875,False,0.0,0.0,0.0,0.0
2026-02-04 03:26:19.584000+00:00,40.95523317,115.38222132,1952.00757318395,5178.941,1.0109999999995125,1953.2484130859375,False,11.670551720008564,11.54357242335726,-5.834743601634861,-0.5054538913645868
2026-02-04 03:26:20.589000+00:00,40.95523317,115.38222132,1953.4719947026267,5179.946,1.0050000000001091,1953.2484130859375,False,0.0,0.0,0.0,0.0
2026-02-04 03:26:21.599000+00:00,40.95522779,115.38203469,1946.0264863609839,5180.956,1.0100000000002185,1947.39697265625,False,15.684013123792836,15.528725865138066,-5.793505375926966,-0.3730831123069385
2026-02-04 03:26:22.609000+00:00,40.95522779,115.38203469,1946.9192577504916,5181.966,1.0100000000002185,1947.39697265625,False,0.0,0.0,0.0,0.0
2026-02-04 03:26:23.615000+00:00,40.95534735,115.38202999,1946.3257773170117,5182.972,1.0059999999994034,1947.39697265625,False,13.300323000715723,13.22099701861194,0.0,0.0
2026-02-04 03:26:24.625000+00:00,40.95540124,115.38192002,1947.2982145042076,5183.982,1.0100000000002185,1947.39697265625,False,11.008689185134475,10.899692262507028,0.0,0.0
2026-02-04 03:26:25.632000+00:00,40.95540124,115.38192002,1947.994587584281,5184.989,1.006999999999607,1947.39697265625,False,0.0,0.0,0.0,0.0
2026-02-04 03:26:26.639000+00:00,40.95544962,115.38178524,1940.6976119619912,5185.996,1.0070000000005166,1939.815673828125,False,12.531785012301652,12.444672306152158,-7.528598637657508,-0.6049655991291683
2026-02-04 03:26:27.646000+00:00,40.95550171,115.38182554,1943.155530148228,5187.003,1.006999999999607,1939.815673828125,False,6.708361056448521,6.661728953774716,0.0,0.0
2026-02-04 03:26:28.655000+00:00,40.95556122,115.38181698,1937.6627280709977,5188.012,1.0090000000000146,1939.815673828125,False,6.6561398881650735,6.596768967457857,0.0,0.0
2026-02-04 03:26:29.662000+00:00,40.95556122,115.38181698,1940.6083378261326,5189.019,1.0070000000005166,1936.873779296875,False,0.0,0.0,-2.9214444203063463,0.0
2026-02-04 03:26:30.673000+00:00,40.95556211,115.38165292,1936.0938704264618,5190.03,1.0109999999995125,1936.873779296875,False,13.777528729414026,13.62762485600462,0.0,0.0
2026-02-04 03:26:31.683000+00:00,40.95557565,115.38157275,1941.982617669068,5191.04,1.0100000000002185,1936.873779296875,False,6.89868398916183,6.8303801872874645,0.0,0.0
2026-02-04 03:26:32.695000+00:00,40.95557565,115.38157275,1933.9148775432525,5192.052,1.0119999999997162,1936.873779296875,False,0.0,0.0,0.0,0.0
2026-02-04 03:26:33.702000+00:00,40.95569422,115.38152612,1934.0247131515534,5193.059,1.0070000000005166,1933.1849365234375,False,13.753601731859533,13.657995761521825,-3.6632003708397294,-0.268209218599989
2026-02-04 03:26:34.711000+00:00,40.955751,115.38149126,1927.3589078610976,5194.068,1.0090000000000146,1925.580810546875,False,6.959302185217068,6.897227140948432,-7.536299283015253,-1.092656386255962
2026-02-04 03:26:35.719000+00:00,40.955751,115.38149126,1926.9103410527366,5195.076,1.0079999999998108,1925.580810546875,False,0.0,0.0,0.0,0.0
2026-02-04 03:26:36.729000+00:00,40.95574122,115.38134349,1925.6893349921163,5196.086,1.0100000000002185,1925.580810546875,False,12.456722769248357,12.333388880441252,0.0,0.0
2026-02-04 03:26:37.732000+00:00,40.95578022,115.38130607,1927.4033369154565,5197.089,1.0029999999997017,1925.580810546875,False,5.355438741236006,5.339420479798204,0.0,0.0
2026-02-04 03:26:38.741000+00:00,40.95578022,115.38130607,1924.9690937827925,5198.098,1.0090000000000146,1925.580810546875,False,0.0,0.0,0.0,0.0
2026-02-04 03:26:39.751000+00:00,40.95584953,115.38126923,1926.1154254102871,5199.108,1.0100000000002185,1925.580810546875,False,8.3046659521468,8.222441536777234,0.0,0.0
2026-02-04 03:26:40.763000+00:00,40.95584517,115.38121172,1921.5604074881871,5200.12,1.0119999999997162,1920.7159423828125,False,4.853736688007497,4.7961824980324685,-4.807181980300261,-1.0022933827627087
2026-02-04 03:26:41.770000+00:00,40.95584517,115.38121172,1926.0094371044968,5201.127,1.0070000000005166,1920.7159423828125,False,0.0,0.0,0.0,0.0
2026-02-04 03:26:42.785000+00:00,40.95590861,115.38108512,1920.948644857991,5202.142,1.014999999999418,1920.7159423828125,False,12.758830474044316,12.57027632911491,0.0,0.0
2026-02-04 03:26:43.789000+00:00,40.95590861,115.38108512,1919.3401248269804,5203.146,1.0039999999999054,1920.7159423828125,False,0.0,0.0,0.0,0.0
2026-02-04 03:26:44.799000+00:00,40.95598716,115.38098972,1915.4259098086832,5204.156,1.0100000000002185,1914.0643310546875,False,11.85200712907822,11.734660523837286,-6.585753790221349,-0.5612223529469242
2026-02-04 03:26:45.807000+00:00,40.95598716,115.38098972,1913.2336118148537,5205.164,1.0079999999998108,1914.0643310546875,False,0.0,0.0,0.0,0.0
2026-02-04 03:26:46.817000+00:00,40.95599821,115.38085246,1910.7446990926037,5206.174,1.0100000000002185,1910.8419189453125,False,11.5918333306589,11.477062703620192,-3.190507038984459,-0.2779898586750843
2026-02-04 03:26:47.821000+00:00,40.95599821,115.38085246,1912.432852220332,5207.178,1.0039999999999054,1910.8419189453125,False,0.0,0.0,0.0,0.0
2026-02-04 03:26:48.832000+00:00,40.95610658,115.38085523,1907.971172994265,5208.189,1.011000000000422,1910.8419189453125,False,12.052439133843098,11.92130478124438,0.0,0.0
2026-02-04 03:26:49.839000+00:00,40.95610658,115.38085523,1911.7858670549451,5209.196,1.006999999999607,1910.8419189453125,False,0.0,0.0,0.0,0.0
2026-02-04 03:26:50.851000+00:00,40.95612614,115.38073681,1915.4212647026197,5210.208,1.0119999999997162,1910.8419189453125,False,10.179474724523368,10.05876949063856,0.0,0.0
2026-02-04 03:26:51.855000+00:00,40.95612614,115.38073681,1914.856834729988,5211.212,1.004000000000815,1910.8419189453125,False,0.0,0.0,0.0,0.0
2026-02-04 03:26:52.865000+00:00,40.95612861,115.38060262,1906.5559907271174,5212.222,1.0099999999993088,1906.838134765625,False,11.272047267285137,11.160442838903814,-3.9641427521685544,-0.3551958295373443
2026-02-04 03:26:53.868000+00:00,40.95612861,115.38060262,1906.075631605747,5213.225,1.0030000000006112,1906.838134765625,False,0.0,0.0,0.0,0.0
2026-02-04 03:26:54.880000+00:00,40.95623309,115.38057401,1908.534044769186,5214.237,1.0119999999997162,1906.838134765625,False,11.863469590744453,11.72279603828832,0.0,0.0
2026-02-04 03:26:55.888000+00:00,40.95623309,115.38057401,1908.3424240351997,5215.245,1.0079999999998108,1906.838134765625,False,0.0,0.0,0.0,0.0
2026-02-04 03:26:56.899000+00:00,40.95633538,115.38055034,1900.4593344485004,5216.256,1.011000000000422,1900.5931396484375,False,11.546504420073653,11.420874797298548,-6.177047593654692,-0.5408559066872696
2026-02-04 03:26:57.905000+00:00,40.95633538,115.38055034,1901.9124411744765,5217.262,1.0059999999994034,1900.5931396484375,False,0.0,0.0,0.0,0.0
2026-02-04 03:26:58.915000+00:00,40.95633444,115.38041105,1894.3580723362845,5218.272,1.0100000000002185,1897.0484619140625,False,11.697407083492058,11.581591171771812,-3.509581915222014,-0.3030310656946717
2026-02-04 03:26:59.923000+00:00,40.95633444,115.38041105,1899.1030858904542,5219.28,1.0079999999998108,1897.0484619140625,False,0.0,0.0,0.0,0.0
2026-02-04 03:27:00.935000+00:00,40.95631992,115.38028153,1896.3771743342238,5220.292,1.0120000000006255,1897.0484619140625,False,10.995683333674,10.865299736825298,0.0,0.0
2026-02-04 03:27:01.943000+00:00,40.95631992,115.38028153,1894.5087420772172,5221.3,1.0079999999998108,1897.0484619140625,False,0.0,0.0,0.0,0.0
2026-02-04 03:27:02.958000+00:00,40.95640997,115.38019344,1894.964973447526,5222.315,1.014999999999418,1897.0484619140625,False,12.449243742374517,12.265264770819366,0.0,0.0
2026-02-04 03:27:03.958000+00:00,40.95640997,115.38019344,1895.8881811717301,5223.315,1.0,1897.0484619140625,False,0.0,0.0,0.0,0.0
2026-02-04 03:27:04.969000+00:00,40.95654187,115.38022221,1890.9598656114447,5224.326,1.011000000000422,1889.4991455078125,False,14.864265091441078,14.702537182428165,-7.4671774542500975,-0.5078835959806002
2026-02-04 03:27:05.977000+00:00,40.95654187,115.38022221,1890.993132550656,5225.334,1.0079999999998108,1889.4991455078125,False,0.0,0.0,0.0,0.0
2026-02-04 03:27:06.990000+00:00,40.95662519,115.3800777,1887.6659315835273,5226.347,1.01299999999992,1887.561279296875,False,15.2676128611054,15.071681008002573,-1.912997246730161,-0.1269266013336151
2026-02-04 03:27:07.997000+00:00,40.95662519,115.3800777,1884.3022137785006,5227.354,1.0070000000005166,1887.561279296875,False,0.0,0.0,0.0,0.0
2026-02-04 03:27:09.008000+00:00,40.95659156,115.37995474,1888.6948578401034,5228.365,1.0109999999995125,1887.561279296875,False,10.981863102230784,10.862376955723123,0.0,0.0
2026-02-04 03:27:10.016000+00:00,40.95659156,115.37995474,1887.9711679282727,5229.373,1.0079999999998108,1887.561279296875,False,0.0,0.0,0.0,0.0
2026-02-04 03:27:11.027000+00:00,40.95665985,115.37984567,1880.157396402261,5230.384,1.011000000000422,1887.561279296875,False,11.897542140410849,11.768093116128467,0.0,0.0
2026-02-04 03:27:12.032000+00:00,40.95665985,115.37984567,1884.8508717445532,5231.389,1.0050000000001091,1887.561279296875,False,0.0,0.0,0.0,0.0
2026-02-04 03:27:13.045000+00:00,40.95674811,115.37990585,1887.483841158465,5232.402,1.01299999999992,1884.1463623046875,False,11.03878946707238,10.897126818433616,-3.371092785970158,-0.3093561121329345
2026-02-04 03:27:14.049000+00:00,40.95674811,115.37990585,1891.1063336416728,5233.406,1.0039999999999054,1884.1463623046875,False,0.0,0.0,0.0,0.0
2026-02-04 03:27:15.056000+00:00,40.9568452,115.37980424,1878.3746910059776,5234.413,1.006999999999607,1877.39306640625,False,13.760759878246326,13.665104149207243,-6.706351438371534,-0.490764751233937
2026-02-04 03:27:16.061000+00:00,40.9568452,115.37980424,1879.2646990582618,5235.418,1.0050000000001091,1877.39306640625,False,0.0,0.0,0.0,0.0
2026-02-04 03:27:17.071000+00:00,40.95687721,115.37964237,1880.266833533626,5236.428,1.0100000000002185,1877.39306640625,False,14.051282708481253,13.912161097503182,0.0,0.0
2026-02-04 03:27:18.081000+00:00,40.95687721,115.37964237,1876.6203203919904,5237.438,1.0100000000002185,1877.39306640625,False,0.0,0.0,0.0,0.0
2026-02-04 03:27:19.092000+00:00,40.95692684,115.37949387,1874.4893459252412,5238.449,1.0109999999995125,1873.8182373046875,False,13.636790248445005,13.488417654254777,-3.5359338294403795,-0.2621459329089656
2026-02-04 03:27:19.118000+00:00,40.95692684,115.37949387,1873.826216519958,5238.475,0.0260000000007494,1873.8182373046875,False,0.0,0.0,0.0,0.0
2026-02-04 03:27:20.099000+00:00,40.95692684,115.37949387,1875.0485129891706,5239.456,0.9809999999997672,1873.8182373046875,False,0.0,0.0,0.0,0.0
2026-02-04 03:27:21.108000+00:00,40.95696128,115.37939,1873.4406695159873,5240.465,1.0090000000000146,1873.8182373046875,False,9.526100939242106,9.441130762380544,0.0,0.0
2026-02-04 03:27:22.115000+00:00,40.95696128,115.37939,1875.9862032168617,5241.472,1.006999999999607,1873.8182373046875,False,0.0,0.0,0.0,0.0
2026-02-04 03:27:23.122000+00:00,40.95708726,115.37941393,1869.0735174194515,5242.479,1.0070000000005166,1866.48779296875,False,14.151736215469723,14.053362676725389,-7.279487920490308,-0.5179890456073052
2026-02-04 03:27:24.129000+00:00,40.95708726,115.37941393,1863.9992334794435,5243.486,1.006999999999607,1866.48779296875,False,0.0,0.0,0.0,0.0
2026-02-04 03:27:25.140000+00:00,40.95722075,115.37934375,1867.4505732557213,5244.497,1.011000000000422,1866.48779296875,False,15.970538754644505,15.796774238019625,0.0,0.0
2026-02-04 03:27:26.148000+00:00,40.95722075,115.37934375,1864.2976362555546,5245.505,1.0079999999998108,1866.48779296875,False,0.0,0.0,0.0,0.0
2026-02-04 03:27:27.156000+00:00,40.95723216,115.37920892,1866.4317774419862,5246.513,1.0079999999998108,1863.232666015625,False,11.393119960916096,11.30269837392682,-3.2292926122277885,-0.2857098814277087
2026-02-04 03:27:28.164000+00:00,40.95723216,115.37920892,1862.1315938846767,5247.521,1.0079999999998108,1863.232666015625,False,0.0,0.0,0.0,0.0
2026-02-04 03:27:29.174000+00:00,40.95731753,115.37909524,1862.5202919997366,5248.531,1.0100000000002185,1863.232666015625,False,13.462591123319427,13.329298141897544,0.0,0.0
2026-02-04 03:27:30.182000+00:00,40.95731753,115.37909524,1862.8139352392916,5249.539,1.0079999999998108,1863.232666015625,False,0.0,0.0,0.0,0.0
2026-02-04 03:27:31.193000+00:00,40.95746268,115.37914355,1855.1964855636027,5250.55,1.011000000000422,1855.797119140625,False,16.641974542510578,16.460904591991724,-7.354645771510283,-0.4467947511881175
2026-02-04 03:27:32.205000+00:00,40.95746268,115.37914355,1854.8714520319281,5251.562,1.0119999999997162,1855.797119140625,False,0.0,0.0,0.0,0.0
2026-02-04 03:27:33.211000+00:00,40.9575537,115.37901341,1850.8521434567417,5252.568,1.0060000000003129,1851.01025390625,False,14.895071605392062,14.806234200186312,-4.758315342319594,-0.321372421777559
2026-02-04 03:27:34.219000+00:00,40.9575537,115.37901341,1851.5006419600368,5253.576,1.0079999999998108,1851.01025390625,False,0.0,0.0,0.0,0.0
2026-02-04 03:27:35.229000+00:00,40.95759427,115.3788687,1849.572463349104,5254.586,1.0100000000002185,1851.01025390625,False,12.962191308493033,12.833852780683396,0.0,0.0
2026-02-04 03:27:36.237000+00:00,40.95759427,115.3788687,1850.4109666219501,5255.594,1.0079999999998108,1851.01025390625,False,0.0,0.0,0.0,0.0
2026-02-04 03:27:37.249000+00:00,40.95776545,115.3787879,1841.7274301152545,5256.606,1.0119999999997162,1843.6494140625,False,20.207515153789203,19.96790034959967,-7.273557157857771,-0.3642624928265727
2026-02-04 03:27:38.257000+00:00,40.95776545,115.3787879,1844.4405837308416,5257.614,1.0079999999998108,1843.6494140625,False,0.0,0.0,0.0,0.0
2026-02-04 03:27:39.268000+00:00,40.95793541,115.3787031,1830.3536593234871,5258.625,1.011000000000422,1833.2086181640625,False,20.19575366417912,19.976017471978924,-10.327196734355237,-0.5169797607977448
2026-02-04 03:27:40.275000+00:00,40.95793541,115.3787031,1832.6446279642673,5259.632,1.006999999999607,1833.2086181640625,False,0.0,0.0,0.0,0.0
2026-02-04 03:27:41.287000+00:00,40.95806122,115.37847513,1833.1108683628488,5260.644,1.0120000000006255,1833.2086181640625,False,23.71020948298254,23.42906075392083,0.0,0.0
2026-02-04 03:27:42.291000+00:00,40.95806122,115.37847513,1836.6643009990285,5261.648,1.0039999999999054,1833.2086181640625,False,0.0,0.0,0.0,0.0
2026-02-04 03:27:43.299000+00:00,40.9582891,115.37835964,1823.597148459566,5262.656,1.0079999999998108,1822.896484375,False,27.13157267263272,26.91624273079148,-10.230291457405194,-0.3800787338606516
2026-02-04 03:27:44.305000+00:00,40.9582891,115.37835964,1826.091739837644,5263.662,1.0060000000003129,1822.896484375,False,0.0,0.0,0.0,0.0
2026-02-04 03:27:45.315000+00:00,40.95842405,115.37811314,1818.40334691732,5264.672,1.0099999999993088,1817.7711181640625,False,25.566272467997056,25.313141057440152,-5.074620010832681,-0.2004737380998051
2026-02-04 03:27:46.322000+00:00,40.95842405,115.37811314,1815.9820493822563,5265.679,1.0070000000005166,1817.7711181640625,False,0.0,0.0,0.0,0.0
2026-02-04 03:27:47.332000+00:00,40.95863112,115.37798551,1817.7001381262055,5266.689,1.0100000000002185,1816.771728515625,False,25.397245606302725,25.145787729007164,-0.9894947014230536,-0.0393503163268022
2026-02-04 03:27:48.340000+00:00,40.95863112,115.37798551,1817.6518668094602,5267.697,1.0079999999998108,1816.771728515625,False,0.0,0.0,0.0,0.0
2026-02-04 03:27:49.350000+00:00,40.95876271,115.37776543,1811.9499109495184,5268.707,1.0100000000002185,1811.904052734375,False,23.571893202550037,23.338508121331625,-4.819480971533612,-0.2065033868693843
2026-02-04 03:27:50.353000+00:00,40.95876271,115.37776543,1813.0979078199252,5269.71,1.0029999999997017,1811.904052734375,False,0.0,0.0,0.0,0.0
2026-02-04 03:27:51.363000+00:00,40.9589556,115.37770164,1817.7178587491128,5270.72,1.0100000000002185,1811.904052734375,False,22.107158413180503,21.88827565660963,0.0,0.0
2026-02-04 03:27:52.367000+00:00,40.9589556,115.37770164,1809.5709892613047,5271.724,1.0039999999999054,1811.904052734375,False,0.0,0.0,0.0,0.0
2026-02-04 03:27:53.378000+00:00,40.95907172,115.37748492,1807.1050258018142,5272.735,1.0109999999995125,1806.400634765625,False,22.313697277113405,22.070917188055553,-5.443539039320132,-0.2466385512182562
2026-02-04 03:27:54.385000+00:00,40.95907172,115.37748492,1806.6690424034907,5273.742,1.0070000000005166,1806.400634765625,False,0.0,0.0,0.0,0.0
2026-02-04 03:27:55.395000+00:00,40.95925837,115.37743055,1809.535178071793,5274.752,1.0100000000002185,1806.400634765625,False,21.25076194330007,21.04035835969849,0.0,0.0
2026-02-04 03:27:56.403000+00:00,40.95925837,115.37743055,1806.4346437929305,5275.76,1.0079999999998108,1806.400634765625,False,0.0,0.0,0.0,0.0
2026-02-04 03:27:57.414000+00:00,40.95935331,115.37722343,1806.4044329031112,5276.771,1.0109999999995125,1804.4130859375,False,20.345418132580185,20.124053543610284,-1.9659236677803744,-0.0976902423520229
2026-02-04 03:27:58.417000+00:00,40.95935331,115.37722343,1805.1396180075196,5277.774,1.0030000000006112,1804.4130859375,False,0.0,0.0,0.0,0.0
2026-02-04 03:27:59.428000+00:00,40.95951588,115.37721026,1801.2734828453054,5278.785,1.0109999999995125,1804.4130859375,False,18.11075592141686,17.91370516461483,0.0,0.0
2026-02-04 03:28:00.432000+00:00,40.95951588,115.37721026,1803.4684099043639,5279.789,1.0039999999999054,1804.4130859375,False,0.0,0.0,0.0,0.0
2026-02-04 03:28:01.443000+00:00,40.95965258,115.37715459,1800.3351934211469,5280.8,1.011000000000422,1801.7274169921875,False,15.902930372976169,15.729901456943152,-2.656448017123026,-0.168878872152786
2026-02-04 03:28:02.453000+00:00,40.95965258,115.37715459,1799.6272726620546,5281.81,1.0100000000002185,1801.7274169921875,False,0.0,0.0,0.0,0.0
2026-02-04 03:28:03.462000+00:00,40.95971455,115.37704686,1801.1279130085477,5282.819,1.0090000000000146,1801.7274169921875,False,11.371739297188205,11.270306538342952,0.0,0.0
2026-02-04 03:28:04.470000+00:00,40.95971455,115.37704686,1802.8551885633722,5283.827,1.0079999999998108,1801.7274169921875,False,0.0,0.0,0.0,0.0
2026-02-04 03:28:05.480000+00:00,40.95978708,115.37696018,1805.6754380505126,5284.837,1.0100000000002185,1801.713134765625,False,10.863790654215189,10.75622837050776,-0.0141408183787098,-0.0013146632715127
2026-02-04 03:28:06.483000+00:00,40.95978708,115.37696018,1800.268270397772,5285.84,1.0029999999997017,1801.713134765625,False,0.0,0.0,0.0,0.0
2026-02-04 03:28:07.494000+00:00,40.9598806,115.37696878,1799.8873728283743,5286.851,1.0109999999995125,1798.718994140625,False,10.423994099385336,10.310577744204116,-2.9615634273011313,-0.2872354489510458
2026-02-04 03:28:08.502000+00:00,40.9598806,115.37696878,1799.739993467722,5287.859,1.0080000000007203,1798.718994140625,False,0.0,0.0,0.0,0.0
2026-02-04 03:28:09.514000+00:00,40.95997362,115.37698037,1798.977461357231,5288.871,1.0119999999997162,1798.718994140625,False,10.38903721037648,10.26584704582944,0.0,0.0
2026-02-04 03:28:10.522000+00:00,40.95997362,115.37698037,1799.0425891214993,5289.879,1.0079999999998108,1798.718994140625,False,0.0,0.0,0.0,0.0
2026-02-04 03:28:11.533000+00:00,40.96000926,115.37689034,1802.2845228033375,5290.89,1.011000000000422,1798.718994140625,False,8.535643829429912,8.442773322874727,0.0,0.0
2026-02-04 03:28:12.541000+00:00,40.96000926,115.37689034,1800.4672742756986,5291.898,1.0079999999998108,1798.718994140625,False,0.0,0.0,0.0,0.0
2026-02-04 03:28:13.544000+00:00,40.96007478,115.37683086,1797.1918649858817,5292.901,1.0029999999997017,1798.718994140625,False,8.83313128253774,8.806711149093088,0.0,0.0
2026-02-04 03:28:14.553000+00:00,40.96007478,115.37683086,1798.1457229507855,5293.91,1.0090000000000146,1798.718994140625,False,0.0,0.0,0.0,0.0
2026-02-04 03:28:15.564000+00:00,40.96013293,115.37685954,1798.3270642524778,5294.921,1.011000000000422,1798.718994140625,False,6.899910600088448,6.824837388808672,0.0,0.0
2026-02-04 03:28:16.567000+00:00,40.96013293,115.37685954,1801.232944658001,5295.924,1.0029999999997017,1798.718994140625,False,0.0,0.0,0.0,0.0
2026-02-04 03:28:17.578000+00:00,40.96016219,115.37684112,1791.1574534392917,5296.935,1.011000000000422,1791.0826416015625,False,3.6025096087329675,3.563313163928253,-7.553266606389033,-2.119731345213058
2026-02-04 03:28:18.586000+00:00,40.96016219,115.37684112,1790.6320899857847,5297.943,1.0079999999998108,1791.0826416015625,False,0.0,0.0,0.0,0.0
2026-02-04 03:28:19.596000+00:00,40.96019782,115.37679807,1793.089516503137,5298.953,1.0100000000002185,1790.4681396484375,False,5.363225883997989,5.310124637620624,-0.6084177753711556,-0.1145769293362155
2026-02-04 03:28:20.605000+00:00,40.96019782,115.37679807,1790.0163756905827,5299.962,1.0090000000000146,1790.4681396484375,False,0.0,0.0,0.0,0.0
2026-02-04 03:28:21.611000+00:00,40.96024875,115.37674524,1790.8684432519358,5300.968,1.0059999999994034,1790.4681396484375,False,7.193808697188952,7.15090327752805,0.0,0.0
2026-02-04 03:28:22.620000+00:00,40.96024875,115.37674524,1788.7110767020995,5301.977,1.0090000000000146,1790.4681396484375,False,0.0,0.0,0.0,0.0
2026-02-04 03:28:23.628000+00:00,40.96030187,115.37667585,1789.0638089199383,5302.985,1.0079999999998108,1790.4681396484375,False,8.296947344582863,8.231098556135338,0.0,0.0
2026-02-04 03:28:24.638000+00:00,40.96034588,115.3766088,1792.1635680362617,5303.995,1.0100000000002185,1790.4681396484375,False,7.459724753522894,7.385866092595329,0.0,0.0
2026-02-04 03:28:25.646000+00:00,40.96034588,115.3766088,1792.4069957221059,5305.003,1.0079999999998108,1790.4681396484375,False,0.0,0.0,0.0,0.0
2026-02-04 03:28:26.655000+00:00,40.96042611,115.37658414,1780.2989383632253,5306.012,1.0090000000000146,1782.8057861328125,False,9.158334184606304,9.076644385139913,-7.594007448587601,-0.836653627305301
2026-02-04 03:28:27.663000+00:00,40.96042611,115.37658414,1784.578993185874,5307.02,1.0080000000007203,1782.8057861328125,False,0.0,0.0,0.0,0.0
2026-02-04 03:28:28.673000+00:00,40.96044751,115.37646311,1780.1584988588415,5308.03,1.0099999999993088,1780.9781494140625,False,10.437779411043376,10.33443506044606,-1.8095413056943075,-0.1750982317959626
2026-02-04 03:28:29.681000+00:00,40.96044751,115.37646311,1781.0766682875303,5309.038,1.0079999999998108,1780.9781494140625,False,0.0,0.0,0.0,0.0
2026-02-04 03:28:30.692000+00:00,40.96052573,115.37647225,1780.3670653341626,5310.049,1.011000000000422,1780.9781494140625,False,8.731463269970433,8.636462185921651,0.0,0.0
2026-02-04 03:28:31.699000+00:00,40.96052573,115.37647225,1783.3061649306283,5311.056,1.006999999999607,1780.9781494140625,False,0.0,0.0,0.0,0.0
2026-02-04 03:28:32.714000+00:00,40.96059648,115.37640627,1779.9798715321103,5312.071,1.0150000000003274,1780.9781494140625,False,9.622149501038814,9.479950247325824,0.0,0.0
2026-02-04 03:28:33.720000+00:00,40.96060244,115.37633765,1782.113335708963,5313.077,1.0060000000003129,1780.9781494140625,False,5.80000934465741,5.765416843594043,0.0,0.0
2026-02-04 03:28:34.729000+00:00,40.96059889,115.37629104,1778.6891761883182,5314.086,1.0090000000000146,1780.9781494140625,False,3.933698728425025,3.898611227378561,0.0,0.0
2026-02-04 03:28:35.738000+00:00,40.96059889,115.37629104,1779.6950973627627,5315.095,1.0090000000000146,1780.9781494140625,False,0.0,0.0,0.0,0.0
2026-02-04 03:28:36.749000+00:00,40.96067256,115.376251,1783.6247253190768,5316.106,1.0109999999995125,1780.9781494140625,False,8.854860235674177,8.758516553588969,0.0,0.0
2026-02-04 03:28:37.760000+00:00,40.96073146,115.37625737,1773.4010773279717,5317.117,1.011000000000422,1774.354248046875,False,6.571187048902709,6.499690453906989,-6.551831223723774,-1.008022038924245
2026-02-04 03:28:38.767000+00:00,40.96073146,115.37625737,1772.713872817842,5318.124,1.006999999999607,1774.354248046875,False,0.0,0.0,0.0,0.0
2026-02-04 03:28:39.774000+00:00,40.96086798,115.37635351,1777.3175136153952,5319.131,1.0070000000005166,1774.354248046875,False,17.193412222901113,17.073894958184997,0.0,0.0
2026-02-04 03:28:40.784000+00:00,40.96091688,115.3764009,1777.0099543993983,5320.141,1.0099999999993088,1774.354248046875,False,6.738001702497883,6.671288814358905,0.0,0.0
2026-02-04 03:28:41.791000+00:00,40.96091688,115.3764009,1774.867300235547,5321.148,1.0070000000005166,1774.354248046875,False,0.0,0.0,0.0,0.0
2026-02-04 03:28:42.804000+00:00,40.96099698,115.37628204,1767.674161169944,5322.161,1.01299999999992,1767.36962890625,False,13.376934589070366,13.20526612938936,-6.894984344151581,-0.5221389918682706
2026-02-04 03:28:43.810000+00:00,40.96104436,115.3762146,1768.2553773423483,5323.167,1.0060000000003129,1767.36962890625,False,7.734640531358079,7.688509474508621,0.0,0.0
2026-02-04 03:28:44.817000+00:00,40.96104436,115.3762146,1767.054231508742,5324.174,1.006999999999607,1767.36962890625,False,0.0,0.0,0.0,0.0
2026-02-04 03:28:45.828000+00:00,40.96114814,115.37626742,1769.483275503374,5325.185,1.011000000000422,1767.36962890625,False,12.36279752380482,12.22828637368908,0.0,0.0
2026-02-04 03:28:46.838000+00:00,40.96118921,115.37634996,1767.208640093868,5326.195,1.0099999999993088,1766.265869140625,False,8.300107646571568,8.21792836294777,-1.092831451114609,-0.132981379594627
2026-02-04 03:28:47.841000+00:00,40.96118921,115.37634996,1764.6126850611956,5327.198,1.0030000000006112,1766.265869140625,False,0.0,0.0,0.0,0.0
2026-02-04 03:28:48.852000+00:00,40.96127244,115.37635817,1760.570218608606,5328.209,1.0109999999995125,1760.244384765625,False,9.280394480598355,9.1794208512392,-5.955968719092882,-0.6488392694500809
2026-02-04 03:28:49.860000+00:00,40.96127244,115.37635817,1761.804844145556,5329.217,1.0079999999998108,1760.244384765625,False,0.0,0.0,0.0,0.0
2026-02-04 03:28:50.871000+00:00,40.96131827,115.37624425,1760.7964902560295,5330.228,1.011000000000422,1760.244384765625,False,10.838528758143717,10.720602134657954,0.0,0.0
2026-02-04 03:28:51.878000+00:00,40.96131827,115.37624425,1763.196749255968,5331.235,1.006999999999607,1760.244384765625,False,0.0,0.0,0.0,0.0
2026-02-04 03:28:52.892000+00:00,40.96138433,115.37630915,1759.9786029102388,5332.249,1.0140000000001237,1760.244384765625,False,9.146309020357837,9.020028619681185,0.0,0.0
2026-02-04 03:28:53.898000+00:00,40.96138433,115.37630915,1759.047470698262,5333.255,1.0060000000003129,1760.244384765625,False,0.0,0.0,0.0,0.0
2026-02-04 03:28:54.907000+00:00,40.9614332,115.37639089,1760.2848130803404,5334.264,1.0090000000000146,1759.729736328125,False,8.754356319074407,8.676269890063708,-0.5100579162537092,-0.0587876959472919
2026-02-04 03:28:55.915000+00:00,40.9614332,115.37639089,1760.67629975884,5335.272,1.0079999999998108,1759.729736328125,False,0.0,0.0,0.0,0.0
2026-02-04 03:28:56.925000+00:00,40.96157608,115.37639453,1752.05178676485,5336.282,1.0100000000002185,1750.720947265625,False,15.890470885185252,15.733139490279028,-8.919593131186192,-0.5669302771196623
2026-02-04 03:28:57.933000+00:00,40.96157608,115.37639453,1750.135614970071,5337.29,1.0079999999998108,1750.720947265625,False,0.0,0.0,0.0,0.0
2026-02-04 03:28:58.944000+00:00,40.96163115,115.37627406,1749.8787222133449,5338.301,1.011000000000422,1750.720947265625,False,11.82476183230546,11.696104680811596,0.0,0.0
2026-02-04 03:28:59.952000+00:00,40.96163115,115.37627406,1752.1256229123885,5339.309,1.0079999999998108,1750.720947265625,False,0.0,0.0,0.0,0.0
2026-02-04 03:29:00.963000+00:00,40.96170515,115.37632531,1749.3804954777197,5340.32,1.0109999999995125,1750.720947265625,False,9.285804786925551,9.184772291721098,0.0,0.0
2026-02-04 03:29:01.971000+00:00,40.96170515,115.37632531,1748.544649956348,5341.328,1.0080000000007203,1750.720947265625,False,0.0,0.0,0.0,0.0
2026-02-04 03:29:02.986000+00:00,40.96180083,115.3764366,1749.79500173188,5342.343,1.014999999999418,1750.720947265625,False,14.160420776382306,13.951153474276282,0.0,0.0
2026-02-04 03:29:03.990000+00:00,40.96180083,115.3764366,1747.4661057462872,5343.347,1.0039999999999054,1750.720947265625,False,0.0,0.0,0.0,0.0
2026-02-04 03:29:05+00:00,40.96187333,115.37632546,1745.885056818297,5344.357,1.0100000000002185,1741.6688232421875,False,12.33210707302398,12.210007002991402,-8.962499033104498,-0.7340289838415919
2026-02-04 03:29:06.008000+00:00,40.96187333,115.37632546,1739.3545993718674,5345.365,1.0079999999998108,1741.6688232421875,False,0.0,0.0,0.0,0.0
2026-02-04 03:29:07.020000+00:00,40.96194283,115.37631556,1739.7390751446467,5346.377,1.0120000000006255,1741.6688232421875,False,7.772628530946984,7.680462975239307,0.0,0.0
2026-02-04 03:29:08.027000+00:00,40.96194283,115.37631556,1739.2418534295166,5347.384,1.006999999999607,1741.6688232421875,False,0.0,0.0,0.0,0.0
2026-02-04 03:29:09.035000+00:00,40.96203654,115.37642119,1742.886776585211,5348.392,1.0079999999998108,1741.6688232421875,False,13.683830168941844,13.575228342206758,0.0,0.0
2026-02-04 03:29:10.039000+00:00,40.96203654,115.37642119,1743.2998420819122,5349.396,1.0039999999999054,1741.6688232421875,False,0.0,0.0,0.0,0.0
2026-02-04 03:29:11.050000+00:00,40.96214092,115.37640376,1735.2963462979396,5350.407,1.011000000000422,1733.4217529296875,False,11.6984390852478,11.571156365225438,-8.15733957714793,-0.7049718558521099
2026-02-04 03:29:12.057000+00:00,40.96214092,115.37640376,1732.6074607029486,5351.414,1.006999999999607,1733.4217529296875,False,0.0,0.0,0.0,0.0
2026-02-04 03:29:13.071000+00:00,40.96217913,115.37629872,1731.2273478403813,5352.428,1.0140000000001237,1733.4217529296875,False,9.79001489443342,9.654847035929215,0.0,0.0
2026-02-04 03:29:14.076000+00:00,40.96217913,115.37629872,1730.7681578753604,5353.433,1.0050000000001091,1733.4217529296875,False,0.0,0.0,0.0,0.0
2026-02-04 03:29:15.081000+00:00,40.96227535,115.37632612,1733.2384429627866,5354.438,1.0050000000001091,1733.4217529296875,False,10.943750948460442,10.889304426327616,0.0,0.0
2026-02-04 03:29:16.089000+00:00,40.96227535,115.37632612,1731.933268862595,5355.446,1.0079999999998108,1733.4217529296875,False,0.0,0.0,0.0,0.0
2026-02-04 03:29:16.121000+00:00,40.96227535,115.37632612,1734.4840614921873,5355.478,0.0320000000001527,1733.4217529296875,False,0.0,0.0,0.0,0.0
2026-02-04 03:29:17.101000+00:00,40.96235836,115.37641279,1733.4662908992207,5356.458,0.9799999999995634,1733.4217529296875,False,11.754155263316695,11.994035982981565,0.0,0.0
2026-02-04 03:29:18.108000+00:00,40.96235836,115.37641279,1732.1817610385572,5357.465,1.0070000000005166,1733.4217529296875,False,0.0,0.0,0.0,0.0
2026-02-04 03:29:19.119000+00:00,40.96243321,115.37630373,1724.53040076197,5358.476,1.0109999999995125,1724.095703125,False,12.37463262613378,12.23999270636968,-9.22457943095153,-0.7536425594560255
2026-02-04 03:29:20.127000+00:00,40.96243321,115.37630373,1728.2069806024072,5359.484,1.0080000000007203,1724.095703125,False,0.0,0.0,0.0,0.0
2026-02-04 03:29:21.138000+00:00,40.96249701,115.37626182,1722.9807079001148,5360.495,1.0109999999995125,1724.095703125,False,7.919099840802882,7.832937527998714,0.0,0.0
2026-02-04 03:29:22.149000+00:00,40.96249701,115.37626182,1724.785377718454,5361.506,1.011000000000422,1724.095703125,False,0.0,0.0,0.0,0.0
2026-02-04 03:29:23.156000+00:00,40.96256354,115.37636132,1721.863182266319,5362.513,1.006999999999607,1724.095703125,False,11.159285406855298,11.08171341296887,0.0,0.0
2026-02-04 03:29:24.164000+00:00,40.96256354,115.37636132,1726.6106431187375,5363.521,1.0079999999998108,1724.095703125,False,0.0,0.0,0.0,0.0
2026-02-04 03:29:25.175000+00:00,40.96264317,115.37628123,1715.8739637098365,5364.532,1.011000000000422,1714.537109375,False,11.118738184819769,10.997762794080243,-9.454593224526224,-0.8596833193761315
2026-02-04 03:29:26.182000+00:00,40.96264317,115.37628123,1715.4711627591064,5365.539,1.006999999999607,1714.537109375,False,0.0,0.0,0.0,0.0
2026-02-04 03:29:27.194000+00:00,40.96272502,115.37625298,1712.9295058600756,5366.551,1.0120000000006255,1714.537109375,False,9.405344390567215,9.29381856774842,0.0,0.0
2026-02-04 03:29:28.199000+00:00,40.96272502,115.37625298,1714.8277967322203,5367.556,1.0049999999991996,1714.537109375,False,0.0,0.0,0.0,0.0
2026-02-04 03:29:29.210000+00:00,40.96279122,115.37635858,1715.6643037223464,5368.567,1.011000000000422,1714.537109375,False,11.524259464259789,11.398871873644882,0.0,0.0
2026-02-04 03:29:30.218000+00:00,40.96279122,115.37635858,1714.9600955707053,5369.575,1.0079999999998108,1714.537109375,False,0.0,0.0,0.0,0.0
2026-02-04 03:29:31.229000+00:00,40.96286626,115.37630979,1713.2485445542334,5370.586,1.011000000000422,1714.537109375,False,9.295530831111677,9.194392513459738,0.0,0.0
2026-02-04 03:29:32.240000+00:00,40.96286626,115.37630979,1714.8696934565223,5371.597,1.0109999999995125,1714.537109375,False,0.0,0.0,0.0,0.0
2026-02-04 03:29:33.248000+00:00,40.96292814,115.37620696,1709.2327222368774,5372.605,1.0079999999998108,1706.2080078125,False,11.040669507065362,10.953045145900232,-8.262997581846788,-0.75440185553692
2026-02-04 03:29:34.256000+00:00,40.96292814,115.37620696,1705.791491812468,5373.613,1.0080000000007203,1706.2080078125,False,0.0,0.0,0.0,0.0
2026-02-04 03:29:35.267000+00:00,40.96301432,115.37629311,1704.5454739561874,5374.624,1.0109999999995125,1706.2080078125,False,12.006535562514443,11.875900655311804,0.0,0.0
2026-02-04 03:29:36.274000+00:00,40.96301432,115.37629311,1701.9866041812488,5375.631,1.0070000000005166,1706.2080078125,False,0.0,0.0,0.0,0.0
2026-02-04 03:29:37.287000+00:00,40.96309865,115.37623222,1707.2636397608094,5376.644,1.01299999999992,1706.2080078125,False,10.680335287425445,10.543272741783106,0.0,0.0
2026-02-04 03:29:38.295000+00:00,40.96309865,115.37623222,1705.456910112808,5377.652,1.0079999999998108,1706.2080078125,False,0.0,0.0,0.0,0.0
2026-02-04 03:29:39.306000+00:00,40.96317176,115.37610852,1705.545643430747,5378.663,1.0109999999995125,1706.01171875,False,13.189826482900887,13.046316995951775,-0.1941533753710135,-0.0148818532794549
2026-02-04 03:29:40.314000+00:00,40.96317176,115.37610852,1703.5982316659304,5379.671,1.0080000000007203,1706.01171875,False,0.0,0.0,0.0,0.0
2026-02-04 03:29:41.325000+00:00,40.96325995,115.37619268,1696.3828542881265,5380.682,1.0109999999995125,1698.4444580078125,False,12.087203828289343,11.955691224822129,-7.484926550139613,-0.6260555253049345
2026-02-04 03:29:42.335000+00:00,40.96325995,115.37619268,1699.5583648934098,5381.692,1.0100000000002185,1698.4444580078125,False,0.0,0.0,0.0,0.0
2026-02-04 03:29:43.343000+00:00,40.96335974,115.37618786,1696.9222891446452,5382.7,1.0079999999998108,1698.4444580078125,False,11.103520102931371,11.015396927513349,0.0,0.0
2026-02-04 03:29:44.351000+00:00,40.96335974,115.37618786,1697.906503776039,5383.708,1.0079999999998108,1698.4444580078125,False,0.0,0.0,0.0,0.0
2026-02-04 03:29:45.363000+00:00,40.96341858,115.37605178,1700.9897218921258,5384.72,1.0120000000006255,1698.4444580078125,False,13.166781168610653,13.01065332865861,0.0,0.0
2026-02-04 03:29:46.370000+00:00,40.96341858,115.37605178,1696.9501852905032,5385.727,1.006999999999607,1698.4444580078125,False,0.0,0.0,0.0,0.0
2026-02-04 03:29:47.383000+00:00,40.96350707,115.37611304,1690.391021587294,5386.74,1.01299999999992,1689.8173828125,False,11.103016419719138,10.960529535755198,-8.516362483033744,-0.7770028314099108
2026-02-04 03:29:48.390000+00:00,40.96350707,115.37611304,1690.5320515478024,5387.747,1.0070000000005166,1689.8173828125,False,0.0,0.0,0.0,0.0
2026-02-04 03:29:49.400000+00:00,40.96360789,115.37618915,1689.7755117447136,5388.757,1.0099999999993088,1689.8173828125,False,12.90425767942949,12.77649275191913,0.0,0.0
2026-02-04 03:29:50.409000+00:00,40.96360789,115.37618915,1687.6554220376313,5389.766,1.0090000000000146,1689.8173828125,False,0.0,0.0,0.0,0.0
2026-02-04 03:29:51.419000+00:00,40.96369571,115.3760686,1691.6884691621246,5390.776,1.0100000000002185,1689.8173828125,False,14.064679270821651,13.925425020612488,0.0,0.0
2026-02-04 03:29:52.431000+00:00,40.96369571,115.3760686,1691.4265777465794,5391.788,1.0119999999997162,1689.8173828125,False,0.0,0.0,0.0,0.0
2026-02-04 03:29:53.438000+00:00,40.96379869,115.37599,1684.6359407494208,5392.795,1.0070000000005166,1683.08740234375,False,13.216598260113155,13.124725183819638,-6.683198082171348,-0.5092067063172109
2026-02-04 03:29:54.445000+00:00,40.96379869,115.37599,1686.010692294356,5393.802,1.006999999999607,1683.08740234375,False,0.0,0.0,0.0,0.0
2026-02-04 03:29:55.456000+00:00,40.96386103,115.37610594,1682.8039009289623,5394.813,1.011000000000422,1683.08740234375,False,11.950795014336853,11.820766581930624,0.0,0.0
2026-02-04 03:29:56.464000+00:00,40.96386103,115.37610594,1691.122351735948,5395.821,1.0079999999998108,1683.08740234375,False,0.0,0.0,0.0,0.0
2026-02-04 03:29:57.475000+00:00,40.96393316,115.37620396,1684.7080328933714,5396.832,1.011000000000422,1683.08740234375,False,11.492023253999236,11.366986403555332,0.0,0.0
2026-02-04 03:29:58.480000+00:00,40.96393316,115.37620396,1683.9579286931366,5397.837,1.0050000000001091,1683.08740234375,False,0.0,0.0,0.0,0.0
2026-02-04 03:29:59.492000+00:00,40.96405317,115.37615678,1674.1711257836316,5398.849,1.0119999999997162,1674.07666015625,False,13.920102796387129,13.755042288923944,-8.903895442196173,-0.6473186526926137
2026-02-04 03:30:00.500000+00:00,40.96405317,115.37615678,1673.0360416238552,5399.857,1.0079999999998108,1674.07666015625,False,0.0,0.0,0.0,0.0
2026-02-04 03:30:01.511000+00:00,40.96413831,115.37623064,1678.36785028363,5400.868,1.011000000000422,1674.07666015625,False,11.317584307274355,11.19444540778401,0.0,0.0
2026-02-04 03:30:02.524000+00:00,40.96413831,115.37623064,1671.482484966413,5401.881,1.01299999999992,1674.07666015625,False,0.0,0.0,0.0,0.0
2026-02-04 03:30:03.528000+00:00,40.96412861,115.37644573,1671.2647052343882,5402.885,1.0039999999999054,1670.595458984375,False,18.09232423622228,18.020243263171302,-3.4673318444973384,-0.1924131541322566
2026-02-04 03:30:04.536000+00:00,40.96412861,115.37644573,1671.3500770077073,5403.893,1.0079999999998108,1670.595458984375,False,0.0,0.0,0.0,0.0
2026-02-04 03:30:05.547000+00:00,40.96415739,115.37672028,1665.0501118054278,5404.904,1.011000000000422,1666.7119140625,False,23.273797772425535,23.02057148606906,-3.841290723910365,-0.1668633954736931
2026-02-04 03:30:06.551000+00:00,40.96415739,115.37672028,1666.4090906912243,5405.908,1.0039999999999054,1666.7119140625,False,0.0,0.0,0.0,0.0
2026-02-04 03:30:07.562000+00:00,40.96405465,115.37700263,1661.2256987635897,5406.919,1.0109999999995125,1665.728271484375,False,26.316639135500047,26.03030577202051,-0.9729402355345936,-0.0373772111651638
2026-02-04 03:30:08.571000+00:00,40.96405465,115.37700263,1661.9547656079808,5407.928,1.0090000000000146,1665.728271484375,False,0.0,0.0,0.0,0.0
2026-02-04 03:30:09.582000+00:00,40.9639762,115.37729275,1668.103200475522,5408.939,1.011000000000422,1660.976318359375,False,25.874900879425702,25.59337376796726,-4.700250370917919,-0.1836510658395793
2026-02-04 03:30:10.587000+00:00,40.9639762,115.37729275,1666.0853424317713,5409.944,1.0050000000001091,1660.976318359375,False,0.0,0.0,0.0,0.0
2026-02-04 03:30:11.594000+00:00,40.96388073,115.37757836,1658.963701771246,5410.951,1.006999999999607,1660.64306640625,False,26.22604821405489,26.043742019925645,-0.3309354052881132,-0.0127069069043503
2026-02-04 03:30:12.604000+00:00,40.96388073,115.37757836,1657.3813694489318,5411.961,1.0100000000002185,1660.64306640625,False,0.0,0.0,0.0,0.0
2026-02-04 03:30:13.603000+00:00,40.96374638,115.37780173,1660.2534004959941,5412.96,0.9989999999997964,1658.3096923828125,False,23.977959494465885,24.0019614559267,-2.335709733171147,-0.0973132857270879
2026-02-04 03:30:14.610000+00:00,40.96374638,115.37780173,1661.8741072994967,5413.967,1.006999999999607,1658.3096923828125,False,0.0,0.0,0.0,0.0
2026-02-04 03:30:15.615000+00:00,40.96367043,115.37808529,1651.095164882523,5414.972,1.0050000000001091,1650.4515380859375,False,25.262832570166676,25.137146835984012,-7.819059001864822,-0.3110559465194268
2026-02-04 03:30:16.623000+00:00,40.9635798,115.37832736,1640.7290421997254,5415.98,1.0079999999998108,1640.438232421875,False,22.686817302289693,22.50676319672019,-9.933834984190852,-0.4413711068697104
2026-02-04 03:30:17.629000+00:00,40.9635798,115.37832736,1644.7093403314345,5416.986,1.0060000000003129,1640.438232421875,False,0.0,0.0,0.0,0.0
2026-02-04 03:30:18.634000+00:00,40.96383018,115.37843214,1629.65188504904,5417.991,1.0050000000001091,1629.7652587890625,False,29.198025171060397,29.052761364236048,-10.619874261503822,-0.3655375173589141
2026-02-04 03:30:19.642000+00:00,40.96383018,115.37843214,1629.2171017937117,5418.999,1.0079999999998108,1629.7652587890625,False,0.0,0.0,0.0,0.0
2026-02-04 03:30:20.653000+00:00,40.96403858,115.37842737,1624.8617282963312,5420.01,1.011000000000422,1624.173095703125,False,23.176483670412697,22.924316192287858,-5.531318581538245,-0.2412860883239378
2026-02-04 03:30:21.661000+00:00,40.96403858,115.37842737,1625.272199738537,5421.018,1.0079999999998108,1624.173095703125,False,0.0,0.0,0.0,0.0
2026-02-04 03:30:22.670000+00:00,40.96403858,115.37842737,1624.0108076331546,5422.027,1.0090000000000146,1624.173095703125,False,0.0,0.0,0.0,0.0
2026-02-04 03:30:23.672000+00:00,40.96403858,115.37842737,1625.2114966195609,5423.029,1.0020000000004077,1624.173095703125,False,0.0,0.0,0.0,0.0
2026-02-04 03:30:25.041000+00:00,40.96438289,115.37829994,1627.0510693902004,5424.398,1.3689999999996871,1623.3021240234375,False,39.75255122704359,29.037656119103488,-0.6362101385593126,-0.0219098310121786
2026-02-04 03:30:26.051000+00:00,40.96438289,115.37829994,1623.1878862861813,5425.408,1.0100000000002185,1623.3021240234375,False,0.0,0.0,0.0,0.0
2026-02-04 03:30:27.058000+00:00,40.96438289,115.37829994,1619.1612347971643,5426.415,1.006999999999607,1623.3021240234375,False,0.0,0.0,0.0,0.0
2026-02-04 03:30:28.064000+00:00,40.96438289,115.37829994,1619.1938143887278,5427.421,1.0060000000003129,1623.3021240234375,False,0.0,0.0,0.0,0.0
2026-02-04 03:30:29.073000+00:00,40.96438289,115.37829994,1622.5644878020403,5428.43,1.0090000000000146,1623.3021240234375,False,0.0,0.0,0.0,0.0
2026-02-04 03:30:30.084000+00:00,40.96473322,115.3781297,1614.3083231334178,5429.441,1.0109999999995125,1614.561767578125,False,41.49469626308143,41.043220833928224,-8.645258600708916,-0.2106379183955842
2026-02-04 03:30:31.091000+00:00,40.96473322,115.3781297,1614.5450769206896,5430.448,1.0070000000005166,1614.561767578125,False,0.0,0.0,0.0,0.0
2026-02-04 03:30:31.123000+00:00,40.96473322,115.3781297,1614.3447026499814,5430.48,0.0319999999992433,1614.561767578125,False,0.0,0.0,0.0,0.0
2026-02-04 03:30:32.105000+00:00,40.96483977,115.37806832,1613.7193468866205,5431.462,0.9820000000008804,1614.561767578125,False,12.92021653464649,13.157043314292164,0.0,0.0
2026-02-04 03:30:33.110000+00:00,40.96483977,115.37806832,1614.9857403703552,5432.467,1.0049999999991996,1614.561767578125,False,0.0,0.0,0.0,0.0
2026-02-04 03:30:34.121000+00:00,40.96493396,115.37805001,1616.5972758033702,5433.478,1.011000000000422,1615.8111572265625,False,10.585685129507237,10.47050952473078,1.235795893607298,0.1180263377525625
2026-02-04 03:30:35.129000+00:00,40.96493396,115.37805001,1617.781862171829,5434.486,1.0079999999998108,1615.8111572265625,False,0.0,0.0,0.0,0.0
2026-02-04 03:30:36.139000+00:00,40.96502844,115.37803047,1615.023228224127,5435.496,1.0100000000002185,1615.8111572265625,False,10.63303555631434,10.527757976546576,0.0,0.0
2026-02-04 03:30:37.147000+00:00,40.96502844,115.37803047,1611.5160350541607,5436.504,1.0079999999998108,1615.8111572265625,False,0.0,0.0,0.0,0.0
2026-02-04 03:30:38.159000+00:00,40.96513388,115.3780556,1618.8100025879642,5437.516,1.0119999999997162,1615.8111572265625,False,11.91274911132333,11.77149121672596,0.0,0.0
2026-02-04 03:30:39.167000+00:00,40.96513388,115.3780556,1614.9387038304194,5438.524,1.0080000000007203,1615.8111572265625,False,0.0,0.0,0.0,0.0
2026-02-04 03:30:40.175000+00:00,40.96522777,115.37804973,1616.129101608076,5439.532,1.0079999999998108,1615.720458984375,False,10.45171921617691,10.368769063669514,-0.0899784148685684,-0.0086778299638129
2026-02-04 03:30:41.186000+00:00,40.96527365,115.37802911,1617.4129679986752,5440.543,1.0109999999995125,1615.720458984375,False,5.387401716869882,5.328785080981682,0.0,0.0
2026-02-04 03:30:42.199000+00:00,40.96527365,115.37802911,1618.215426389863,5441.556,1.01299999999992,1615.720458984375,False,0.0,0.0,0.0,0.0
2026-02-04 03:30:43.204000+00:00,40.96534827,115.37798938,1614.3696049804566,5442.561,1.0050000000001091,1615.720458984375,False,8.942842985369184,8.898351229222103,0.0,0.0
2026-02-04 03:30:44.210000+00:00,40.96539133,115.37796803,1615.452164523446,5443.567,1.0060000000003129,1615.720458984375,False,5.112629506179245,5.082136686061287,0.0,0.0
2026-02-04 03:30:45.219000+00:00,40.96539133,115.37796803,1613.692928854343,5444.576,1.0090000000000146,1615.720458984375,False,0.0,0.0,0.0,0.0
2026-02-04 03:30:46.231000+00:00,40.96547857,115.37789393,1605.3360361199564,5445.588,1.0119999999997162,1604.045166015625,False,11.524424306154296,11.387771053515342,-11.536850759637622,-1.0130912103362195
2026-02-04 03:30:47.240000+00:00,40.96553471,115.37788061,1602.8498997730321,5446.597,1.0090000000000146,1604.045166015625,False,6.3418774288999264,6.285309642120748,0.0,0.0
2026-02-04 03:30:48.249000+00:00,40.96553471,115.37788061,1602.431776504219,5447.606,1.0090000000000146,1604.045166015625,False,0.0,0.0,0.0,0.0
2026-02-04 03:30:49.260000+00:00,40.96563641,115.37786405,1603.3202495124763,5448.617,1.011000000000422,1604.045166015625,False,11.393684006529488,11.269717118224266,0.0,0.0
2026-02-04 03:30:50.270000+00:00,40.96568239,115.37785531,1605.6783105778368,5449.627,1.0100000000002185,1604.045166015625,False,5.165139095154628,5.113999104112388,0.0,0.0
2026-02-04 03:30:51.274000+00:00,40.96568239,115.37785531,1604.148492398252,5450.631,1.0039999999999054,1604.045166015625,False,0.0,0.0,0.0,0.0
2026-02-04 03:30:52.285000+00:00,40.96580243,115.37778602,1606.286481223883,5451.642,1.0109999999995125,1606.578125,False,14.560629981348944,14.402205718452985,2.5053995888983396,0.1739594363444114
2026-02-04 03:30:53.294000+00:00,40.96584765,115.3777833,1609.9230028794332,5452.651,1.0090000000000146,1606.578125,False,5.0334183833365636,4.988521688143202,0.0,0.0
2026-02-04 03:30:54.300000+00:00,40.96584765,115.3777833,1603.1174780697102,5453.657,1.0060000000003129,1606.578125,False,0.0,0.0,0.0,0.0
2026-02-04 03:30:55.312000+00:00,40.96593591,115.3777937,1607.5732077302296,5454.669,1.0119999999997162,1606.578125,False,9.852835462982938,9.736003421922629,0.0,0.0
2026-02-04 03:30:56.322000+00:00,40.96593591,115.3777937,1603.9928850989904,5455.679,1.0100000000002185,1606.578125,False,0.0,0.0,0.0,0.0
2026-02-04 03:30:57.334000+00:00,40.9660186,115.37778874,1608.1751978293619,5456.691,1.0119999999997162,1608.3138427734375,False,9.20413498712662,9.094995046570356,1.7151361397608564,0.1885802170291032
2026-02-04 03:30:58.342000+00:00,40.9660186,115.37778874,1610.4246962496472,5457.699,1.0079999999998108,1608.3138427734375,False,0.0,0.0,0.0,0.0
2026-02-04 03:30:59.352000+00:00,40.96610241,115.37774826,1607.6447224636072,5458.709,1.0100000000002185,1608.3138427734375,False,9.919696266210323,9.821481451691266,0.0,0.0
2026-02-04 03:31:00.361000+00:00,40.96610241,115.37774826,1603.2666767676444,5459.718,1.0090000000000146,1608.3138427734375,False,0.0,0.0,0.0,0.0
2026-02-04 03:31:01.371000+00:00,40.96619732,115.37772248,1608.480347677546,5460.728,1.0100000000002185,1608.3138427734375,False,10.773204063526018,10.666538676756128,0.0,0.0
2026-02-04 03:31:02.384000+00:00,40.96619732,115.37772248,1608.4039402129977,5461.741,1.01299999999992,1608.3138427734375,False,0.0,0.0,0.0,0.0
2026-02-04 03:31:03.390000+00:00,40.96629062,115.37773604,1605.6275083226385,5462.747,1.0060000000003129,1605.7088623046875,False,10.436773346646618,10.374526189506334,-2.5894438059137075,-0.2495963438342744
2026-02-04 03:31:04.398000+00:00,40.96629062,115.37773604,1605.0630051518558,5463.755,1.0079999999998108,1605.7088623046875,False,0.0,0.0,0.0,0.0
2026-02-04 03:31:05.409000+00:00,40.96635749,115.37778329,1607.5249943898434,5464.766,1.0109999999995125,1605.7088623046875,False,8.427764027625622,8.336067287467543,0.0,0.0
2026-02-04 03:31:06.416000+00:00,40.96635749,115.37778329,1606.6460912735445,5465.773,1.0070000000005166,1605.7088623046875,False,0.0,0.0,0.0,0.0
2026-02-04 03:31:07.427000+00:00,40.96643013,115.37781803,1607.5588082722657,5466.784,1.0109999999995125,1605.7088623046875,False,8.587737651225837,8.494300347408483,0.0,0.0
2026-02-04 03:31:08.435000+00:00,40.96643013,115.37781803,1606.9655263288284,5467.792,1.0080000000007203,1605.7088623046875,False,0.0,0.0,0.0,0.0
2026-02-04 03:31:09.446000+00:00,40.96651163,115.37781609,1602.920706759288,5468.803,1.0109999999995125,1605.7088623046875,False,9.06385027186807,8.96523271204,0.0,0.0
2026-02-04 03:31:10.454000+00:00,40.96651163,115.37781609,1604.2265599019609,5469.811,1.0079999999998108,1605.7088623046875,False,0.0,0.0,0.0,0.0
2026-02-04 03:31:11.466000+00:00,40.96657906,115.37787459,1596.9528145507156,5470.823,1.0120000000006255,1605.2078857421875,False,8.963477519931724,8.857191225223499,-0.495036128952263,-0.0558908706343044
2026-02-04 03:31:12.478000+00:00,40.96657906,115.37787459,1601.395665914769,5471.835,1.0119999999997162,1605.2078857421875,False,0.0,0.0,0.0,0.0
2026-02-04 03:31:13.484000+00:00,40.96661825,115.37797748,1602.7298788449866,5472.841,1.0060000000003129,1605.2078857421875,False,9.675754675610133,9.61804639722378,0.0,0.0
2026-02-04 03:31:14.492000+00:00,40.96661825,115.37797748,1604.4887712147643,5473.849,1.0079999999998108,1605.2078857421875,False,0.0,0.0,0.0,0.0
2026-02-04 03:31:15.503000+00:00,40.96661706,115.37807904,1602.3014809879242,5474.86,1.0109999999995125,1605.2078857421875,False,8.528244431202554,8.435454432449719,0.0,0.0
2026-02-04 03:31:16.507000+00:00,40.96661706,115.37807904,1607.0805387941975,5475.864,1.0039999999999054,1605.2078857421875,False,0.0,0.0,0.0,0.0
2026-02-04 03:31:17.518000+00:00,40.96666118,115.37819048,1604.2773492308497,5476.875,1.011000000000422,1605.2078857421875,False,10.564897806964648,10.449948374837032,0.0,0.0
2026-02-04 03:31:18.521000+00:00,40.96666118,115.37819048,1608.0255742811955,5477.878,1.0029999999997017,1605.2078857421875,False,0.0,0.0,0.0,0.0
2026-02-04 03:31:19.528000+00:00,40.9667202,115.37829257,1611.6320468759466,5478.885,1.0070000000005166,1608.930419921875,False,10.795533272398794,10.720489843488831,3.696657576649047,0.3448217041028436
2026-02-04 03:31:20.536000+00:00,40.9667202,115.37829257,1610.1042770103059,5479.893,1.0079999999998108,1608.930419921875,False,0.0,0.0,0.0,0.0
2026-02-04 03:31:21.545000+00:00,40.96675883,115.37842534,1610.9414396066427,5480.902,1.0090000000000146,1608.930419921875,False,11.946604528934328,11.84004413174842,0.0,0.0
2026-02-04 03:31:22.556000+00:00,40.96675883,115.37842534,1605.3837429893172,5481.913,1.0109999999995125,1608.930419921875,False,0.0,0.0,0.0,0.0
2026-02-04 03:31:23.563000+00:00,40.96676255,115.37852461,1614.9700496986286,5482.92,1.0070000000005166,1608.930419921875,False,8.345183810842244,8.287173595668284,0.0,0.0
2026-02-04 03:31:24.568000+00:00,40.96676255,115.37852461,1610.759094405708,5483.925,1.0050000000001091,1608.930419921875,False,0.0,0.0,0.0,0.0
2026-02-04 03:31:25.579000+00:00,40.96681971,115.37860589,1592.7630950038676,5484.936,1.0109999999995125,1597.88134765625,False,9.325798317196732,9.22433067972426,-10.928854862146714,-1.1847856762300508
2026-02-04 03:31:26.587000+00:00,40.96681971,115.37860589,1594.7088416152187,5485.944,1.0080000000007203,1597.88134765625,False,0.0,0.0,0.0,0.0
2026-02-04 03:31:27.598000+00:00,40.96684681,115.37860243,1599.252860464558,5486.955,1.0109999999995125,1597.88134765625,False,3.027353554848144,2.994414989960043,0.0,0.0
2026-02-04 03:31:28.604000+00:00,40.96684681,115.37860243,1595.215889548102,5487.961,1.0060000000003129,1597.88134765625,False,0.0,0.0,0.0,0.0
2026-02-04 03:31:29.611000+00:00,40.96688489,115.3786567,1596.0966332243433,5488.968,1.006999999999607,1597.88134765625,False,6.220298225923061,6.177058814225907,0.0,0.0
2026-02-04 03:31:30.617000+00:00,40.96688489,115.3786567,1601.6176232541773,5489.974,1.0060000000003129,1597.88134765625,False,0.0,0.0,0.0,0.0
2026-02-04 03:31:31.626000+00:00,40.96689084,115.37869403,1603.5044849556143,5490.983,1.0090000000000146,1597.88134765625,False,3.20336982787673,3.1747966579550884,0.0,0.0
2026-02-04 03:31:32.640000+00:00,40.96689811,115.37874051,1598.3442275510163,5491.997,1.0140000000001237,1597.88134765625,False,3.985400904308583,3.9303756452742578,0.0,0.0
2026-02-04 03:31:33.640000+00:00,40.96689811,115.37874051,1597.3479656435645,5492.997,1.0,1597.88134765625,False,0.0,0.0,0.0,0.0
2026-02-04 03:31:34.651000+00:00,40.96691656,115.37880001,1597.984633505704,5494.008,1.0109999999995125,1598.3984375,False,5.400578569453828,5.341818565238806,0.511463742581849,0.0957471198872483
2026-02-04 03:31:35.658000+00:00,40.96691656,115.37880001,1595.4597901775187,5495.015,1.0070000000005166,1598.3984375,False,0.0,0.0,0.0,0.0
2026-02-04 03:31:36.668000+00:00,40.96692661,115.37887481,1597.2890156331014,5496.025,1.0099999999993088,1598.3984375,False,6.379004464516494,6.315846004476098,0.0,0.0
2026-02-04 03:31:37.676000+00:00,40.96692661,115.37887481,1597.850811153254,5497.033,1.0080000000007203,1598.3984375,False,0.0,0.0,0.0,0.0
2026-02-04 03:31:38.683000+00:00,40.96694627,115.37898995,1597.780346095664,5498.04,1.006999999999607,1598.3984375,False,9.911469941770674,9.842571938207092,0.0,0.0
2026-02-04 03:31:39.687000+00:00,40.96694627,115.37898995,1598.9815102343018,5499.044,1.0039999999999054,1598.3984375,False,0.0,0.0,0.0,0.0
2026-02-04 03:31:40.699000+00:00,40.96695351,115.37910035,1596.7721838379914,5500.056,1.0119999999997162,1598.289794921875,False,9.304292319806947,9.19396474289482,-0.1073543262105044,-0.0116766084287487
2026-02-04 03:31:41.702000+00:00,40.96695351,115.37910035,1595.9591997731357,5501.059,1.0030000000006112,1598.289794921875,False,0.0,0.0,0.0,0.0
2026-02-04 03:31:42.717000+00:00,40.96694944,115.37920088,1599.1940599100503,5502.074,1.014999999999418,1598.289794921875,False,8.452817698086665,8.327899209942377,0.0,0.0
2026-02-04 03:31:43.721000+00:00,40.96694944,115.37920088,1598.2781347759837,5503.078,1.004000000000815,1598.289794921875,False,0.0,0.0,0.0,0.0
2026-02-04 03:31:44.731000+00:00,40.96697753,115.3793329,1594.8795232593059,5504.088,1.0099999999993088,1595.6982421875,False,11.516317874280247,11.402294925037753,-2.565893796412647,-0.2250331019572493
2026-02-04 03:31:45.737000+00:00,40.96697753,115.3793329,1593.0802146332858,5505.094,1.0060000000003129,1595.6982421875,False,0.0,0.0,0.0,0.0
2026-02-04 03:31:46.750000+00:00,40.9670111,115.37943448,1596.7076704170092,5506.107,1.01299999999992,1595.6982421875,False,9.309949140935998,9.190472992040212,0.0,0.0
2026-02-04 03:31:47.757000+00:00,40.9670111,115.37943448,1592.8692051965056,5507.114,1.006999999999607,1595.6982421875,False,0.0,0.0,0.0,0.0
2026-02-04 03:31:48.768000+00:00,40.96699307,115.37957162,1594.4031107512483,5508.125,1.011000000000422,1595.6982421875,False,11.6877646318314,11.560598053240874,0.0,0.0
2026-02-04 03:31:49.776000+00:00,40.96699307,115.37957162,1592.8083861674456,5509.133,1.0079999999998108,1595.6982421875,False,0.0,0.0,0.0,0.0
2026-02-04 03:31:50.788000+00:00,40.96701882,115.37978572,1592.2148826667135,5510.145,1.0120000000006255,1592.34228515625,False,18.202840325372875,17.986996368934406,-3.316163074355657,-0.184364471217832
2026-02-04 03:31:51.795000+00:00,40.96701882,115.37978572,1593.4224390537954,5511.152,1.006999999999607,1592.34228515625,False,0.0,0.0,0.0,0.0
2026-02-04 03:31:52.811000+00:00,40.96707628,115.38005012,1593.0576518304829,5512.168,1.0159999999996217,1591.5465087890625,False,23.100663680337775,22.736873701128328,-0.7832444558935003,-0.0344482036619938
2026-02-04 03:31:53.814000+00:00,40.96707628,115.38005012,1589.7175044389567,5513.171,1.0030000000006112,1591.5465087890625,False,0.0,0.0,0.0,0.0
2026-02-04 03:31:54.822000+00:00,40.96715195,115.38029382,1575.1349729357382,5514.179,1.0079999999998108,1573.7388916015625,False,22.12395435127285,21.948367411981152,-17.666286892364425,-0.8049020941175229
2026-02-04 03:31:55.829000+00:00,40.96715195,115.38029382,1571.542459403575,5515.186,1.006999999999607,1573.7388916015625,False,0.0,0.0,0.0,0.0
2026-02-04 03:31:56.840000+00:00,40.96727634,115.38047967,1571.1535882878504,5516.197,1.011000000000422,1573.37451171875,False,20.851966001391116,20.625090011258568,-0.3604153143544489,-0.0174746056457309
2026-02-04 03:31:57.848000+00:00,40.96727634,115.38047967,1574.2679628815276,5517.205,1.0079999999998108,1573.37451171875,False,0.0,0.0,0.0,0.0
2026-02-04 03:31:58.859000+00:00,40.9674281,115.38051232,1571.2914938030494,5518.216,1.011000000000422,1571.719482421875,False,17.096158009968,16.910146399565644,-1.637022054277259,-0.0968070894004387
