subset_name,perturbation_type,perturbation_level,perturbation_level_label,repeat_id
primary,elevation,2.0,low,1
primary,elevation,2.0,low,2
primary,elevation,2.0,low,3
primary,elevation,2.0,low,4
primary,elevation,2.0,low,5
primary,elevation,2.0,low,6
primary,elevation,2.0,low,7
primary,elevation,2.0,low,8
primary,elevation,2.0,low,9
primary,elevation,2.0,low,10
primary,elevation,5.0,medium,1
primary,elevation,5.0,medium,2
primary,elevation,5.0,medium,3
primary,elevation,5.0,medium,4
primary,elevation,5.0,medium,5
primary,elevation,5.0,medium,6
primary,elevation,5.0,medium,7
primary,elevation,5.0,medium,8
primary,elevation,5.0,medium,9
primary,elevation,5.0,medium,10
primary,elevation,10.0,high,1
primary,elevation,10.0,high,2
primary,elevation,10.0,high,3
primary,elevation,10.0,high,4
primary,elevation,10.0,high,5
primary,elevation,10.0,high,6
primary,elevation,10.0,high,7
primary,elevation,10.0,high,8
primary,elevation,10.0,high,9
primary,elevation,10.0,high,10
primary,position,2.0,low,1
primary,position,2.0,low,2
primary,position,2.0,low,3
primary,position,2.0,low,4
primary,position,2.0,low,5
primary,position,2.0,low,6
primary,position,2.0,low,7
primary,position,2.0,low,8
primary,position,2.0,low,9
primary,position,2.0,low,10
primary,position,5.0,medium,1
primary,position,5.0,medium,2
primary,position,5.0,medium,3
primary,position,5.0,medium,4
primary,position,5.0,medium,5
primary,position,5.0,medium,6
primary,position,5.0,medium,7
primary,position,5.0,medium,8
primary,position,5.0,medium,9
primary,position,5.0,medium,10
primary,position,10.0,high,1
primary,position,10.0,high,2
primary,position,10.0,high,3
primary,position,10.0,high,4
primary,position,10.0,high,5
primary,position,10.0,high,6
primary,position,10.0,high,7
primary,position,10.0,high,8
primary,position,10.0,high,9
primary,position,10.0,high,10
primary,sampling,2.0,low,1
primary,sampling,2.0,low,2
primary,sampling,2.0,low,3
primary,sampling,2.0,low,4
primary,sampling,2.0,low,5
primary,sampling,2.0,low,6
primary,sampling,2.0,low,7
primary,sampling,2.0,low,8
primary,sampling,2.0,low,9
primary,sampling,2.0,low,10
primary,sampling,3.0,medium,1
primary,sampling,3.0,medium,2
primary,sampling,3.0,medium,3
primary,sampling,3.0,medium,4
primary,sampling,3.0,medium,5
primary,sampling,3.0,medium,6
primary,sampling,3.0,medium,7
primary,sampling,3.0,medium,8
primary,sampling,3.0,medium,9
primary,sampling,3.0,medium,10
primary,sampling,5.0,high,1
primary,sampling,5.0,high,2
primary,sampling,5.0,high,3
primary,sampling,5.0,high,4
primary,sampling,5.0,high,5
primary,sampling,5.0,high,6
primary,sampling,5.0,high,7
primary,sampling,5.0,high,8
primary,sampling,5.0,high,9
primary,sampling,5.0,high,10
primary,temporal,0.75,low,1
primary,temporal,0.75,low,2
primary,temporal,0.75,low,3
primary,temporal,0.75,low,4
primary,temporal,0.75,low,5
primary,temporal,0.75,low,6
primary,temporal,0.75,low,7
primary,temporal,0.75,low,8
primary,temporal,0.75,low,9
primary,temporal,0.75,low,10
primary,temporal,1.5,medium,1
primary,temporal,1.5,medium,2
primary,temporal,1.5,medium,3
primary,temporal,1.5,medium,4
primary,temporal,1.5,medium,5
primary,temporal,1.5,medium,6
primary,temporal,1.5,medium,7
primary,temporal,1.5,medium,8
primary,temporal,1.5,medium,9
primary,temporal,1.5,medium,10
primary,temporal,3.0,high,1
primary,temporal,3.0,high,2
primary,temporal,3.0,high,3
primary,temporal,3.0,high,4
primary,temporal,3.0,high,5
primary,temporal,3.0,high,6
primary,temporal,3.0,high,7
primary,temporal,3.0,high,8
primary,temporal,3.0,high,9
primary,temporal,3.0,high,10
strict,elevation,2.0,low,1
strict,elevation,2.0,low,2
strict,elevation,2.0,low,3
strict,elevation,2.0,low,4
strict,elevation,2.0,low,5
strict,elevation,2.0,low,6
strict,elevation,2.0,low,7
strict,elevation,2.0,low,8
strict,elevation,2.0,low,9
strict,elevation,2.0,low,10
strict,elevation,5.0,medium,1
strict,elevation,5.0,medium,2
strict,elevation,5.0,medium,3
strict,elevation,5.0,medium,4
strict,elevation,5.0,medium,5
strict,elevation,5.0,medium,6
strict,elevation,5.0,medium,7
strict,elevation,5.0,medium,8
strict,elevation,5.0,medium,9
strict,elevation,5.0,medium,10
strict,elevation,10.0,high,1
strict,elevation,10.0,high,2
strict,elevation,10.0,high,3
strict,elevation,10.0,high,4
strict,elevation,10.0,high,5
strict,elevation,10.0,high,6
strict,elevation,10.0,high,7
strict,elevation,10.0,high,8
strict,elevation,10.0,high,9
strict,elevation,10.0,high,10
strict,position,2.0,low,1
strict,position,2.0,low,2
strict,position,2.0,low,3
strict,position,2.0,low,4
strict,position,2.0,low,5
strict,position,2.0,low,6
strict,position,2.0,low,7
strict,position,2.0,low,8
strict,position,2.0,low,9
strict,position,2.0,low,10
strict,position,5.0,medium,1
strict,position,5.0,medium,2
strict,position,5.0,medium,3
strict,position,5.0,medium,4
strict,position,5.0,medium,5
strict,position,5.0,medium,6
strict,position,5.0,medium,7
strict,position,5.0,medium,8
strict,position,5.0,medium,9
strict,position,5.0,medium,10
strict,position,10.0,high,1
strict,position,10.0,high,2
strict,position,10.0,high,3
strict,position,10.0,high,4
strict,position,10.0,high,5
strict,position,10.0,high,6
strict,position,10.0,high,7
strict,position,10.0,high,8
strict,position,10.0,high,9
strict,position,10.0,high,10
strict,sampling,2.0,low,1
strict,sampling,2.0,low,2
strict,sampling,2.0,low,3
strict,sampling,2.0,low,4
strict,sampling,2.0,low,5
strict,sampling,2.0,low,6
strict,sampling,2.0,low,7
strict,sampling,2.0,low,8
strict,sampling,2.0,low,9
strict,sampling,2.0,low,10
strict,sampling,3.0,medium,1
strict,sampling,3.0,medium,2
strict,sampling,3.0,medium,3
strict,sampling,3.0,medium,4
strict,sampling,3.0,medium,5
strict,sampling,3.0,medium,6
strict,sampling,3.0,medium,7
strict,sampling,3.0,medium,8
strict,sampling,3.0,medium,9
strict,sampling,3.0,medium,10
strict,sampling,5.0,high,1
strict,sampling,5.0,high,2
strict,sampling,5.0,high,3
strict,sampling,5.0,high,4
strict,sampling,5.0,high,5
strict,sampling,5.0,high,6
strict,sampling,5.0,high,7
strict,sampling,5.0,high,8
strict,sampling,5.0,high,9
strict,sampling,5.0,high,10
strict,temporal,0.75,low,1
strict,temporal,0.75,low,2
strict,temporal,0.75,low,3
strict,temporal,0.75,low,4
strict,temporal,0.75,low,5
strict,temporal,0.75,low,6
strict,temporal,0.75,low,7
strict,temporal,0.75,low,8
strict,temporal,0.75,low,9
strict,temporal,0.75,low,10
strict,temporal,1.5,medium,1
strict,temporal,1.5,medium,2
strict,temporal,1.5,medium,3
strict,temporal,1.5,medium,4
strict,temporal,1.5,medium,5
strict,temporal,1.5,medium,6
strict,temporal,1.5,medium,7
strict,temporal,1.5,medium,8
strict,temporal,1.5,medium,9
strict,temporal,1.5,medium,10
strict,temporal,3.0,high,1
strict,temporal,3.0,high,2
strict,temporal,3.0,high,3
strict,temporal,3.0,high,4
strict,temporal,3.0,high,5
strict,temporal,3.0,high,6
strict,temporal,3.0,high,7
strict,temporal,3.0,high,8
strict,temporal,3.0,high,9
strict,temporal,3.0,high,10
