subset_name,perturbation_type,perturbation_level,perturbation_level_label,top_k_used,metric_name,n,median,mean,sd,q1,q3,iqr
primary,elevation,2.0,low,3,boundary_shift_mean_s,40,0.0,0.0,0.0,0.0,0.0,0.0
primary,elevation,2.0,low,3,cl_alpha_abs_deviation,40,0.017210039126663523,0.024088695487667712,0.019243513399060937,0.006409497628004995,0.04187404127169314,0.035464543643688146
primary,elevation,2.0,low,3,matched_duration_fraction,40,1.0,1.0,0.0,1.0,1.0,0.0
primary,elevation,2.0,low,3,mean_absolute_rank_shift,40,0.0,0.03125,0.08373301588213544,0.0,0.0,0.0
primary,elevation,2.0,low,3,phase_contrast_abs_deviation,40,0.002445304801163839,0.006196199183352418,0.007310502336046269,0.0,0.014871857465416652,0.014871857465416652
primary,elevation,2.0,low,3,rank_spearman,40,1.0,0.9970238095238095,0.007974572941155705,1.0,1.0,0.0
primary,elevation,2.0,low,3,run_rank_shift_abs,40,0.0,0.125,0.33493206352854177,0.0,0.0,0.0
primary,elevation,2.0,low,3,segmentation_stability,40,1.0,1.0,0.0,1.0,1.0,0.0
primary,elevation,2.0,low,3,top_k_consistency,40,1.0,1.0,0.0,1.0,1.0,0.0
primary,elevation,2.0,low,3,vertical_drop_abs_error_m,40,5.82438270545606,8.152322046612824,6.51257012310062,2.1691622465503997,14.171405421882014,12.002243175331614
primary,elevation,5.0,medium,3,boundary_shift_mean_s,40,0.0,0.0,0.0,0.0,0.0,0.0
primary,elevation,5.0,medium,3,cl_alpha_abs_deviation,40,0.022359256569430497,0.026029344949081767,0.019588196973801937,0.011251371559021006,0.035557369894938046,0.02430599833591704
primary,elevation,5.0,medium,3,matched_duration_fraction,40,1.0,1.0,0.0,1.0,1.0,0.0
primary,elevation,5.0,medium,3,mean_absolute_rank_shift,40,0.0,0.0375,0.09040507133494737,0.0,0.0,0.0
primary,elevation,5.0,medium,3,phase_contrast_abs_deviation,40,0.003313979500267128,0.00731544552335904,0.00818484754933821,0.0,0.013661057790038206,0.013661057790038206
primary,elevation,5.0,medium,3,rank_spearman,40,1.0,0.9964285714285716,0.008610006793804468,1.0,1.0,0.0
primary,elevation,5.0,medium,3,run_rank_shift_abs,40,0.0,0.15,0.36162028533978946,0.0,0.0,0.0
primary,elevation,5.0,medium,3,segmentation_stability,40,1.0,1.0,0.0,1.0,1.0,0.0
primary,elevation,5.0,medium,3,top_k_consistency,40,1.0,1.0,0.0,1.0,1.0,0.0
primary,elevation,5.0,medium,3,vertical_drop_abs_error_m,40,7.567029122442932,8.809094821922832,6.629221168272618,3.8077945923720904,12.033658305094718,8.225863712722628
primary,position,2.0,low,3,boundary_shift_mean_s,40,0.0,0.0,0.0,0.0,0.0,0.0
primary,position,2.0,low,3,cl_alpha_abs_deviation,40,0.021689766741637362,0.024645368526780183,0.01863577275324592,0.004914130046531295,0.042178233562548795,0.0372641035160175
primary,position,2.0,low,3,matched_duration_fraction,40,1.0,1.0,0.0,1.0,1.0,0.0
primary,position,2.0,low,3,mean_absolute_rank_shift,40,0.0,0.03125,0.08373301588213544,0.0,0.0,0.0
primary,position,2.0,low,3,phase_contrast_abs_deviation,40,0.002041602692677752,0.006337874546733351,0.007300396639662759,0.0,0.014229479619470117,0.014229479619470117
primary,position,2.0,low,3,rank_spearman,40,1.0,0.9970238095238095,0.007974572941155705,1.0,1.0,0.0
primary,position,2.0,low,3,run_rank_shift_abs,40,0.0,0.125,0.33493206352854177,0.0,0.0,0.0
primary,position,2.0,low,3,segmentation_stability,40,1.0,1.0,0.0,1.0,1.0,0.0
primary,position,2.0,low,3,top_k_consistency,40,1.0,1.0,0.0,1.0,1.0,0.0
primary,position,2.0,low,3,vertical_drop_abs_error_m,40,7.3404541015625,8.340716552734374,6.306892838997089,1.6630859375,14.27435302734375,12.61126708984375
primary,position,5.0,medium,3,boundary_shift_mean_s,40,0.0,0.0,0.0,0.0,0.0,0.0
primary,position,5.0,medium,3,cl_alpha_abs_deviation,40,0.0097508906791621,0.018891789356842173,0.01787889193398699,0.004890324073023478,0.030220691452663873,0.025330367379640395
primary,position,5.0,medium,3,matched_duration_fraction,40,1.0,1.0,0.0,1.0,1.0,0.0
primary,position,5.0,medium,3,mean_absolute_rank_shift,40,0.0,0.025,0.075955452531275,0.0,0.0,0.0
primary,position,5.0,medium,3,phase_contrast_abs_deviation,40,0.0014042518564900686,0.004584330145110146,0.006553984913620314,0.0,0.006381082989811021,0.006381082989811021
primary,position,5.0,medium,3,rank_spearman,40,1.0,0.9976190476190476,0.007233852622026164,1.0,1.0,0.0
primary,position,5.0,medium,3,run_rank_shift_abs,40,0.0,0.1,0.3038218101251,0.0,0.0,0.0
primary,position,5.0,medium,3,segmentation_stability,40,1.0,1.0,0.0,1.0,1.0,0.0
primary,position,5.0,medium,3,top_k_consistency,40,1.0,1.0,0.0,1.0,1.0,0.0
primary,position,5.0,medium,3,vertical_drop_abs_error_m,40,3.29998779296875,6.393536376953125,6.050742139900005,1.655029296875,10.227569580078125,8.572540283203125
primary,sampling,2.0,low,3,boundary_shift_mean_s,40,0.25225,0.25325000000000003,0.2564787440585402,0.0,0.506,0.506
primary,sampling,2.0,low,3,cl_alpha_abs_deviation,40,0.04435305352111896,0.04170402623113092,0.024104302440226433,0.023022885559182193,0.06416065235873183,0.04113776679954964
primary,sampling,2.0,low,3,matched_duration_fraction,40,0.9990514844128211,0.9981721735421167,0.0022213003111161765,0.9971980089884398,1.0,0.002801991011560201
primary,sampling,2.0,low,3,mean_absolute_rank_shift,40,0.0,0.03125,0.08373301588213544,0.0,0.0,0.0
primary,sampling,2.0,low,3,phase_contrast_abs_deviation,40,0.008595088176206467,0.011224427193427845,0.011503945049074569,0.0,0.01953181092685302,0.01953181092685302
primary,sampling,2.0,low,3,rank_spearman,40,1.0,0.9970238095238095,0.007974572941155705,1.0,1.0,0.0
primary,sampling,2.0,low,3,run_rank_shift_abs,40,0.0,0.125,0.33493206352854177,0.0,0.0,0.0
primary,sampling,2.0,low,3,segmentation_stability,40,0.9990514844128211,0.9981721735421167,0.0022213003111161765,0.9971980089884398,1.0,0.002801991011560201
primary,sampling,2.0,low,3,top_k_consistency,40,1.0,1.0,0.0,1.0,1.0,0.0
primary,sampling,2.0,low,3,vertical_drop_abs_error_m,40,15.0103759765625,13.564559936523438,7.876599803460727,7.546905517578125,20.615234375,13.068328857421875
primary,sampling,3.0,medium,3,boundary_shift_mean_s,40,0.759,0.5980000000000001,0.5074881582551762,0.0,1.010125,1.010125
primary,sampling,3.0,medium,3,cl_alpha_abs_deviation,40,0.07100649254786445,0.05707526533442196,0.027735542764351438,0.03328444810381154,0.07826587074377553,0.04498142263996399
primary,sampling,3.0,medium,3,matched_duration_fraction,40,0.9969163125101317,0.9960593299715959,0.0048704254420116975,0.9953808827825692,1.0,0.0046191172174308015
primary,sampling,3.0,medium,3,mean_absolute_rank_shift,40,0.0,0.03125,0.08373301588213544,0.0,0.0,0.0
primary,sampling,3.0,medium,3,phase_contrast_abs_deviation,40,0.008113027678602502,0.01330869795011167,0.014398817345609115,0.0,0.025148189374726515,0.025148189374726515
primary,sampling,3.0,medium,3,rank_spearman,40,1.0,0.9970238095238095,0.007974572941155705,1.0,1.0,0.0
primary,sampling,3.0,medium,3,run_rank_shift_abs,40,0.0,0.125,0.33493206352854177,0.0,0.0,0.0
primary,sampling,3.0,medium,3,segmentation_stability,40,0.9969163125101317,0.9960593299715959,0.0048704254420116975,0.9953808827825692,1.0,0.0046191172174308015
primary,sampling,3.0,medium,3,top_k_consistency,40,1.0,1.0,0.0,1.0,1.0,0.0
primary,sampling,3.0,medium,3,vertical_drop_abs_error_m,40,21.76055908203125,17.860671997070312,8.263496441435933,11.264434814453125,24.644561767578125,13.380126953125
primary,temporal,0.75,low,3,boundary_shift_mean_s,40,0.0,0.0,0.0,0.0,0.0,0.0
primary,temporal,0.75,low,3,cl_alpha_abs_deviation,40,0.021689766741637362,0.02465013873889596,0.018414512576202392,0.005574745811374404,0.042178233562548795,0.03660348775117439
primary,temporal,0.75,low,3,matched_duration_fraction,40,1.0,1.0,0.0,1.0,1.0,0.0
primary,temporal,0.75,low,3,mean_absolute_rank_shift,40,0.0,0.03125,0.08373301588213544,0.0,0.0,0.0
primary,temporal,0.75,low,3,phase_contrast_abs_deviation,40,0.0022677594410024093,0.006354541733993586,0.007234117170909742,0.0,0.014229479619470117,0.014229479619470117
primary,temporal,0.75,low,3,rank_spearman,40,1.0,0.9970238095238095,0.007974572941155705,1.0,1.0,0.0
primary,temporal,0.75,low,3,run_rank_shift_abs,40,0.0,0.125,0.33493206352854177,0.0,0.0,0.0
primary,temporal,0.75,low,3,segmentation_stability,40,1.0,1.0,0.0,1.0,1.0,0.0
primary,temporal,0.75,low,3,top_k_consistency,40,1.0,1.0,0.0,1.0,1.0,0.0
primary,temporal,0.75,low,3,vertical_drop_abs_error_m,40,7.3404541015625,8.342330932617188,6.2320118965951705,1.88665771484375,14.27435302734375,12.3876953125
primary,temporal,1.5,medium,3,boundary_shift_mean_s,40,0.0,0.0,0.0,0.0,0.0,0.0
primary,temporal,1.5,medium,3,cl_alpha_abs_deviation,40,0.021689766741637362,0.02465013873889596,0.018414512576202392,0.005574745811374404,0.042178233562548795,0.03660348775117439
primary,temporal,1.5,medium,3,matched_duration_fraction,40,1.0,1.0,0.0,1.0,1.0,0.0
primary,temporal,1.5,medium,3,mean_absolute_rank_shift,40,0.0,0.03125,0.08373301588213544,0.0,0.0,0.0
primary,temporal,1.5,medium,3,phase_contrast_abs_deviation,40,0.0022677594410024093,0.006354541733993586,0.007234117170909742,0.0,0.014229479619470117,0.014229479619470117
primary,temporal,1.5,medium,3,rank_spearman,40,1.0,0.9970238095238095,0.007974572941155705,1.0,1.0,0.0
primary,temporal,1.5,medium,3,run_rank_shift_abs,40,0.0,0.125,0.33493206352854177,0.0,0.0,0.0
primary,temporal,1.5,medium,3,segmentation_stability,40,1.0,1.0,0.0,1.0,1.0,0.0
primary,temporal,1.5,medium,3,top_k_consistency,40,1.0,1.0,0.0,1.0,1.0,0.0
primary,temporal,1.5,medium,3,vertical_drop_abs_error_m,40,7.3404541015625,8.342330932617188,6.2320118965951705,1.88665771484375,14.27435302734375,12.3876953125
